Age,Department,Gender,MaritalStatus,BusinessTravel,EducationField,DistanceFromHome,JobLevel,JobSatisfaction,EnvironmentSatisfaction,JobInvolvement,WorkLifeBalance,OverTime,MonthlyIncome,NumCompaniesWorked,TotalWorkingYears,YearsAtCompany,YearsInCurrentRole,YearsSinceLastPromotion,YearsWithCurrManager,TrainingTimesLastYear,PerformanceRating,PercentSalaryHike,JobRole,Attrition,Attrition_Flag,Age_Group,Salary_Slab,Tenure_Group
39,Research & Development,Female,Divorced,Travel_Rarely,Life Sciences,3,3,4,3,2,3,No,6405,2,29,5,0,0,3,6,3,13,Research Director,No,0,36-45,6K-10K,2-5 years
27,Research & Development,Male,Divorced,Travel_Rarely,Life Sciences,3,2,4,2,2,4,No,4423,0,25,20,6,4,0,1,3,24,Manufacturing Director,No,0,26-35,3K-6K,10+ years
43,Research & Development,Male,Married,Travel_Frequently,Life Sciences,13,4,4,4,3,3,No,1723,3,11,12,6,5,1,1,3,16,Manufacturing Director,No,0,36-45,< 3K,10+ years
44,Sales,Female,Married,Travel_Rarely,Marketing,6,1,4,3,3,2,No,6624,1,17,2,4,2,7,5,3,13,Sales Representative,No,0,36-45,6K-10K,2-5 years
18,Sales,Male,Married,Travel_Rarely,Technical Degree,10,2,3,4,3,3,Yes,2551,3,20,3,4,3,4,4,3,13,Sales Executive,No,0,18-25,< 3K,2-5 years
24,Research & Development,Male,Married,Travel_Rarely,Human Resources,13,5,2,4,2,3,No,6229,3,2,5,9,1,11,2,3,15,Healthcare Representative,No,0,18-25,6K-10K,2-5 years
37,Research & Development,Male,Single,Travel_Frequently,Life Sciences,8,1,1,1,4,3,Yes,2235,2,4,14,5,2,4,0,3,12,Laboratory Technician,No,0,36-45,< 3K,10+ years
33,Human Resources,Male,Married,Travel_Frequently,Life Sciences,12,3,3,3,2,2,No,3500,2,17,0,2,6,8,3,3,15,Human Resources,No,0,26-35,3K-6K,0-1 years
36,Research & Development,Male,Single,Travel_Frequently,Other,9,1,1,4,3,3,No,4097,2,6,0,5,7,7,3,3,20,Manufacturing Director,No,0,36-45,3K-6K,0-1 years
28,Research & Development,Female,Divorced,Travel_Rarely,Marketing,9,2,1,3,2,4,No,10070,0,17,10,12,0,4,4,3,25,Healthcare Representative,No,0,26-35,10K+,6-10 years
44,Research & Development,Female,Married,Non-Travel,Medical,18,1,1,3,3,3,No,3878,0,24,0,6,1,0,2,3,11,Manufacturing Director,No,0,36-45,3K-6K,0-1 years
43,Research & Development,Female,Married,Travel_Rarely,Life Sciences,7,2,2,4,3,3,No,2879,1,0,1,2,0,4,3,3,19,Research Scientist,No,0,36-45,< 3K,0-1 years
37,Sales,Male,Married,Travel_Rarely,Life Sciences,13,3,4,2,3,2,No,6354,2,8,5,4,8,2,4,3,14,Sales Executive,No,0,36-45,6K-10K,2-5 years
46,Sales,Male,Divorced,Travel_Rarely,Medical,2,1,2,4,4,4,No,4615,5,9,6,6,5,2,1,3,16,Sales Manager,No,0,46-60,3K-6K,6-10 years
40,Sales,Male,Single,Travel_Rarely,Medical,9,1,2,2,3,2,Yes,8032,2,7,0,2,0,5,2,3,20,Sales Manager,No,0,36-45,6K-10K,0-1 years
28,Research & Development,Male,Single,Travel_Rarely,Life Sciences,21,1,3,3,3,3,Yes,2981,1,6,8,2,2,0,1,3,15,Laboratory Technician,Yes,1,26-35,< 3K,6-10 years
39,Research & Development,Female,Single,Travel_Rarely,Other,29,1,2,2,3,3,No,5839,2,7,9,4,2,1,2,3,17,Research Director,No,0,36-45,3K-6K,6-10 years
27,Research & Development,Male,Married,Travel_Rarely,Medical,2,2,3,3,4,1,No,20000,2,11,2,10,0,0,1,4,15,Manufacturing Director,No,0,26-35,10K+,2-5 years
44,Research & Development,Female,Divorced,Travel_Rarely,Medical,6,4,3,1,4,3,Yes,4559,0,12,16,7,6,3,4,3,16,Research Scientist,No,0,36-45,3K-6K,10+ years
36,Research & Development,Male,Single,Travel_Frequently,Life Sciences,4,1,1,1,3,2,No,5762,5,19,8,2,6,1,2,3,21,Laboratory Technician,No,0,36-45,3K-6K,6-10 years
34,Research & Development,Female,Divorced,Travel_Rarely,Marketing,7,2,3,2,3,4,Yes,2086,4,11,0,7,3,1,1,3,15,Research Director,No,0,26-35,< 3K,0-1 years
30,Research & Development,Male,Single,Travel_Rarely,Marketing,15,2,1,2,4,2,No,3253,0,20,16,4,1,5,3,4,19,Laboratory Technician,No,0,26-35,3K-6K,10+ years
47,Research & Development,Male,Married,Travel_Rarely,Life Sciences,18,1,3,3,4,4,No,6696,1,6,3,5,1,2,4,3,22,Research Director,No,0,46-60,6K-10K,2-5 years
35,Sales,Female,Single,Travel_Frequently,Medical,19,1,4,1,1,3,Yes,4337,6,1,7,5,3,4,2,3,20,Sales Representative,No,0,26-35,3K-6K,6-10 years
32,Research & Development,Male,Married,Travel_Rarely,Medical,2,3,4,1,4,2,Yes,7291,2,9,3,0,1,0,4,3,22,Research Director,No,0,26-35,6K-10K,2-5 years
33,Research & Development,Female,Married,Travel_Rarely,Technical Degree,8,2,2,2,3,3,No,6569,1,15,10,0,2,1,0,4,18,Manufacturing Director,No,0,26-35,6K-10K,6-10 years
41,Sales,Male,Married,Travel_Rarely,Life Sciences,5,3,4,3,3,2,No,2519,1,18,3,5,4,12,4,3,17,Sales Executive,No,0,36-45,< 3K,2-5 years
39,Sales,Male,Single,Travel_Rarely,Technical Degree,7,2,4,2,3,4,No,9089,3,23,3,1,0,1,6,3,11,Sales Representative,No,0,36-45,6K-10K,2-5 years
40,Sales,Male,Divorced,Travel_Rarely,Medical,6,2,4,1,2,2,Yes,2625,5,13,5,0,0,0,2,3,21,Sales Manager,No,0,36-45,< 3K,2-5 years
40,Research & Development,Female,Divorced,Travel_Rarely,Life Sciences,2,4,2,3,3,4,No,3414,2,17,3,1,2,5,2,3,21,Research Director,No,0,36-45,3K-6K,2-5 years
55,Sales,Male,Married,Travel_Rarely,Life Sciences,18,3,3,4,3,1,No,5900,0,22,12,8,7,1,2,3,18,Sales Representative,No,0,46-60,3K-6K,10+ years
32,Research & Development,Female,Married,Travel_Rarely,Life Sciences,4,4,2,3,2,2,No,12311,1,5,0,5,5,5,5,3,21,Research Scientist,No,0,26-35,10K+,0-1 years
31,Research & Development,Female,Divorced,Travel_Rarely,Life Sciences,5,1,1,2,3,2,No,2994,2,9,6,7,2,4,2,3,20,Laboratory Technician,No,0,26-35,< 3K,6-10 years
29,Research & Development,Female,Single,Travel_Rarely,Medical,21,5,3,4,2,3,Yes,5640,4,33,7,6,4,6,2,3,13,Laboratory Technician,No,0,26-35,3K-6K,6-10 years
42,Research & Development,Male,Divorced,Travel_Rarely,Marketing,2,3,3,3,3,3,No,5666,2,18,5,0,2,4,3,3,14,Research Director,No,0,36-45,3K-6K,2-5 years
46,Research & Development,Female,Single,Travel_Rarely,Life Sciences,11,3,2,3,3,4,No,7465,1,15,12,7,6,3,3,3,20,Manufacturing Director,No,0,46-60,6K-10K,10+ years
35,Research & Development,Female,Married,Travel_Rarely,Other,16,2,4,2,3,3,No,9973,2,18,0,6,4,9,2,3,12,Manufacturing Director,No,0,26-35,6K-10K,0-1 years
28,Sales,Male,Single,Travel_Rarely,Life Sciences,20,5,3,2,2,1,No,4164,7,0,9,4,6,0,0,3,24,Sales Manager,No,0,26-35,3K-6K,6-10 years
29,Research & Development,Male,Single,Travel_Rarely,Medical,11,2,4,3,1,3,Yes,9072,3,6,0,4,0,0,3,3,16,Research Scientist,No,0,26-35,6K-10K,0-1 years
42,Research & Development,Male,Married,Travel_Rarely,Human Resources,13,3,4,2,2,3,Yes,10809,4,3,3,7,0,1,2,3,20,Laboratory Technician,No,0,36-45,10K+,2-5 years
43,Research & Development,Male,Married,Travel_Rarely,Technical Degree,16,3,4,3,3,4,Yes,13871,7,14,0,1,3,0,3,3,18,Healthcare Representative,No,0,36-45,10K+,0-1 years
41,Research & Development,Female,Divorced,Travel_Rarely,Medical,7,3,4,2,4,3,No,6853,3,8,4,8,4,2,5,3,21,Laboratory Technician,No,0,36-45,6K-10K,2-5 years
30,Research & Development,Male,Divorced,Travel_Rarely,Marketing,4,3,1,1,3,3,Yes,5670,2,12,3,6,10,2,2,3,16,Manufacturing Director,No,0,26-35,3K-6K,2-5 years
38,Research & Development,Male,Single,Travel_Rarely,Life Sciences,22,1,1,1,3,2,Yes,4005,1,9,16,4,0,8,3,3,21,Research Director,No,0,36-45,3K-6K,10+ years
37,Research & Development,Male,Single,Travel_Rarely,Life Sciences,12,1,4,1,2,4,Yes,2331,1,0,7,10,2,4,7,3,13,Healthcare Representative,No,0,36-45,< 3K,6-10 years
38,Sales,Male,Married,Travel_Rarely,Medical,8,2,1,3,2,2,Yes,4463,5,18,9,0,2,3,4,3,15,Sales Representative,No,0,36-45,3K-6K,6-10 years
44,Sales,Male,Married,Travel_Frequently,Life Sciences,2,3,2,1,4,4,No,5531,2,0,0,2,3,2,2,3,11,Sales Executive,No,0,36-45,3K-6K,0-1 years
38,Research & Development,Female,Married,Travel_Rarely,Life Sciences,1,3,3,3,3,2,No,4896,3,5,10,1,8,0,2,3,13,Research Director,No,0,36-45,3K-6K,6-10 years
42,Research & Development,Female,Divorced,Travel_Rarely,Life Sciences,11,3,2,2,2,4,No,7224,3,0,16,5,5,8,2,3,11,Research Scientist,No,0,36-45,6K-10K,10+ years
37,Sales,Male,Married,Travel_Frequently,Human Resources,1,3,2,3,3,4,No,2337,3,4,11,9,0,9,1,3,18,Sales Executive,No,0,36-45,< 3K,10+ years
39,Human Resources,Female,Single,Travel_Rarely,Technical Degree,8,2,3,4,3,4,No,4705,2,13,0,0,7,0,4,3,12,Human Resources,No,0,36-45,3K-6K,0-1 years
42,Research & Development,Male,Married,Travel_Rarely,Technical Degree,5,1,2,4,2,3,No,15577,0,21,3,17,7,10,5,3,14,Laboratory Technician,No,0,36-45,10K+,2-5 years
23,Sales,Male,Married,Travel_Rarely,Marketing,6,2,3,3,1,3,No,8991,2,0,7,1,3,1,5,3,18,Sales Manager,No,0,18-25,6K-10K,6-10 years
33,Sales,Male,Married,Non-Travel,Life Sciences,19,4,1,2,3,4,Yes,7298,1,7,3,5,0,1,4,3,21,Sales Representative,No,0,26-35,6K-10K,2-5 years
32,Sales,Female,Single,Non-Travel,Life Sciences,5,2,3,3,1,3,No,6446,1,0,21,4,2,6,3,3,11,Sales Manager,No,0,26-35,6K-10K,10+ years
30,Research & Development,Female,Married,Travel_Rarely,Medical,9,4,1,4,3,3,No,4253,3,6,3,4,4,6,1,3,21,Research Scientist,No,0,26-35,3K-6K,2-5 years
34,Research & Development,Female,Married,Travel_Frequently,Medical,5,5,3,3,3,2,No,1982,2,12,6,1,5,4,3,3,18,Research Director,No,0,26-35,< 3K,6-10 years
49,Research & Development,Male,Single,Travel_Rarely,Life Sciences,10,1,1,1,4,3,Yes,6686,3,17,2,8,0,3,3,3,11,Manufacturing Director,No,0,46-60,6K-10K,2-5 years
28,Research & Development,Male,Married,Travel_Rarely,Medical,9,3,2,4,3,3,Yes,1500,2,0,7,1,0,9,8,3,12,Manufacturing Director,No,0,26-35,< 3K,6-10 years
45,Research & Development,Female,Married,Travel_Rarely,Medical,8,2,4,1,1,3,Yes,4348,4,15,14,0,6,2,2,3,25,Research Scientist,No,0,36-45,3K-6K,10+ years
21,Research & Development,Male,Married,Travel_Rarely,Life Sciences,16,2,2,4,3,2,No,5190,2,3,7,0,7,4,7,4,17,Healthcare Representative,No,0,18-25,3K-6K,6-10 years
33,Research & Development,Female,Married,Travel_Rarely,Life Sciences,2,1,4,1,2,3,No,4066,3,1,5,10,4,11,2,3,24,Manufacturing Director,No,0,26-35,3K-6K,2-5 years
37,Research & Development,Female,Divorced,Travel_Frequently,Medical,1,1,2,1,4,4,Yes,17166,3,12,0,9,6,0,5,3,18,Healthcare Representative,No,0,36-45,10K+,0-1 years
41,Sales,Male,Single,Travel_Rarely,Medical,3,1,2,4,3,3,Yes,14183,4,16,13,0,4,2,3,3,12,Sales Manager,No,0,36-45,10K+,10+ years
42,Research & Development,Female,Single,Travel_Rarely,Other,9,2,2,3,3,4,Yes,9177,4,10,5,7,5,8,0,4,21,Laboratory Technician,No,0,36-45,6K-10K,2-5 years
43,Research & Development,Female,Single,Travel_Rarely,Medical,11,1,4,3,3,2,Yes,3126,3,2,5,0,3,6,7,4,18,Research Director,No,0,36-45,3K-6K,2-5 years
33,Sales,Male,Married,Travel_Rarely,Marketing,1,2,2,4,2,3,No,14961,1,10,0,4,4,8,0,4,16,Sales Representative,No,0,26-35,10K+,0-1 years
32,Sales,Female,Single,Travel_Rarely,Marketing,11,2,2,4,3,3,No,7309,1,5,5,0,0,0,3,3,14,Sales Executive,No,0,26-35,6K-10K,2-5 years
44,Human Resources,Female,Married,Non-Travel,Life Sciences,6,2,3,3,4,3,No,3097,7,16,4,8,5,5,1,4,17,HR Manager,No,0,36-45,3K-6K,2-5 years
34,Sales,Male,Single,Travel_Rarely,Medical,22,3,2,4,2,3,No,5294,4,20,0,6,0,3,1,3,25,Sales Executive,No,0,26-35,3K-6K,0-1 years
25,Sales,Female,Single,Travel_Rarely,Medical,11,2,4,2,2,2,No,8810,1,19,12,8,5,13,1,3,14,Sales Manager,No,0,18-25,6K-10K,10+ years
26,Research & Development,Male,Married,Travel_Rarely,Medical,21,1,4,1,4,3,No,3741,0,11,3,3,1,7,4,3,19,Research Director,No,0,26-35,3K-6K,2-5 years
28,Research & Development,Female,Married,Non-Travel,Life Sciences,18,5,3,4,3,2,No,5618,1,20,17,3,4,4,2,3,11,Laboratory Technician,No,0,26-35,3K-6K,10+ years
40,Research & Development,Female,Divorced,Non-Travel,Human Resources,6,3,3,2,2,3,No,6189,4,3,14,0,0,5,1,3,21,Manufacturing Director,No,0,36-45,6K-10K,10+ years
37,Research & Development,Female,Married,Travel_Rarely,Other,15,2,2,4,1,4,No,2838,2,25,2,0,1,4,1,3,24,Healthcare Representative,No,0,36-45,< 3K,2-5 years
42,Sales,Male,Married,Travel_Rarely,Life Sciences,6,3,4,1,3,1,Yes,4482,2,3,14,8,4,7,3,3,25,Sales Representative,Yes,1,36-45,3K-6K,10+ years
32,Research & Development,Female,Married,Travel_Rarely,Life Sciences,24,1,3,1,3,3,Yes,2958,0,0,16,5,5,1,1,3,23,Research Director,No,0,26-35,< 3K,10+ years
37,Research & Development,Male,Married,Travel_Frequently,Life Sciences,7,3,1,1,3,3,No,8385,1,22,3,4,6,9,2,3,21,Research Director,No,0,36-45,6K-10K,2-5 years
42,Research & Development,Male,Single,Travel_Frequently,Marketing,12,1,4,3,2,3,No,3156,1,5,0,9,0,0,6,3,19,Laboratory Technician,No,0,36-45,3K-6K,0-1 years
33,Research & Development,Male,Married,Travel_Frequently,Medical,27,2,4,4,3,1,Yes,6105,1,12,0,0,0,5,2,3,24,Laboratory Technician,No,0,26-35,6K-10K,0-1 years
40,Research & Development,Male,Married,Travel_Rarely,Life Sciences,12,1,3,2,3,3,No,2421,5,3,8,7,0,1,4,3,11,Healthcare Representative,No,0,36-45,< 3K,6-10 years
30,Research & Development,Male,Single,Travel_Rarely,Technical Degree,6,3,2,1,4,4,No,2788,2,30,0,0,0,4,2,3,14,Manufacturing Director,No,0,26-35,< 3K,0-1 years
33,Sales,Male,Married,Travel_Rarely,Life Sciences,3,1,3,2,3,3,No,2715,1,26,8,10,7,8,2,3,11,Sales Representative,No,0,26-35,< 3K,6-10 years
33,Research & Development,Female,Married,Travel_Rarely,Medical,2,1,4,2,3,3,No,4434,0,23,3,6,7,0,2,4,14,Research Director,No,0,26-35,3K-6K,2-5 years
25,Sales,Male,Married,Travel_Rarely,Life Sciences,11,1,3,3,3,3,Yes,5742,2,12,1,8,0,3,4,3,14,Sales Executive,No,0,18-25,3K-6K,0-1 years
40,Sales,Male,Single,Travel_Rarely,Medical,8,3,2,3,2,4,No,6355,4,19,3,1,8,0,4,3,17,Sales Representative,No,0,36-45,6K-10K,2-5 years
32,Research & Development,Male,Married,Travel_Rarely,Medical,3,1,2,1,2,1,Yes,1962,4,11,0,13,6,3,5,3,21,Laboratory Technician,No,0,26-35,< 3K,0-1 years
36,Research & Development,Male,Divorced,Travel_Frequently,Life Sciences,14,2,2,3,1,2,No,4739,2,20,3,12,0,0,4,3,24,Healthcare Representative,No,0,36-45,3K-6K,2-5 years
40,Sales,Female,Single,Travel_Frequently,Medical,14,1,1,3,2,3,No,3441,4,8,2,6,0,5,4,3,19,Sales Manager,No,0,36-45,3K-6K,2-5 years
40,Research & Development,Male,Married,Travel_Frequently,Human Resources,8,3,4,2,4,3,Yes,6976,6,24,6,9,0,2,2,3,11,Research Director,No,0,36-45,6K-10K,6-10 years
42,Sales,Male,Single,Travel_Frequently,Medical,21,1,1,2,2,3,No,4488,2,7,7,3,2,7,4,4,12,Sales Representative,Yes,1,36-45,3K-6K,6-10 years
35,Research & Development,Female,Single,Travel_Rarely,Human Resources,2,4,2,3,4,2,No,4974,0,8,0,0,3,9,2,3,17,Laboratory Technician,No,0,26-35,3K-6K,0-1 years
32,Sales,Female,Divorced,Travel_Rarely,Medical,6,1,4,2,1,2,No,3452,4,7,13,7,3,4,1,4,20,Sales Executive,No,0,26-35,3K-6K,10+ years
35,Sales,Female,Married,Travel_Rarely,Marketing,12,1,3,1,3,3,No,13426,4,13,5,0,0,8,4,3,23,Sales Manager,No,0,26-35,10K+,2-5 years
21,Research & Development,Female,Married,Travel_Rarely,Life Sciences,3,1,2,2,3,2,Yes,2567,2,8,15,9,0,10,2,3,16,Laboratory Technician,No,0,18-25,< 3K,10+ years
23,Research & Development,Female,Single,Travel_Rarely,Marketing,15,1,4,4,2,3,No,4174,2,15,7,8,3,0,2,3,13,Laboratory Technician,No,0,18-25,3K-6K,6-10 years
24,Human Resources,Male,Divorced,Travel_Rarely,Life Sciences,18,2,1,2,3,3,Yes,5517,1,7,6,5,4,10,1,3,13,Human Resources,No,0,18-25,3K-6K,6-10 years
27,Research & Development,Female,Single,Travel_Frequently,Life Sciences,1,1,4,4,3,2,Yes,4529,3,17,3,5,0,4,1,3,20,Research Director,No,0,26-35,3K-6K,2-5 years
40,Research & Development,Female,Married,Travel_Frequently,Life Sciences,22,4,1,3,3,3,No,3416,3,23,10,8,0,0,1,3,25,Research Director,No,0,36-45,3K-6K,6-10 years
28,Research & Development,Male,Single,Non-Travel,Life Sciences,12,2,3,3,4,4,No,1920,3,12,6,5,6,5,3,3,12,Laboratory Technician,No,0,26-35,< 3K,6-10 years
33,Research & Development,Male,Single,Non-Travel,Other,5,1,3,4,4,4,No,3555,0,29,11,2,0,4,4,3,11,Healthcare Representative,No,0,26-35,3K-6K,10+ years
48,Sales,Male,Married,Travel_Frequently,Other,2,2,2,2,3,1,No,3068,3,20,16,0,2,0,1,3,11,Sales Executive,No,0,46-60,3K-6K,10+ years
33,Sales,Female,Single,Travel_Rarely,Marketing,16,1,3,2,4,3,No,13095,4,28,2,8,0,0,4,3,19,Sales Representative,No,0,26-35,10K+,2-5 years
43,Research & Development,Female,Married,Travel_Frequently,Life Sciences,3,1,2,1,1,4,No,18070,1,11,10,5,5,11,3,4,15,Healthcare Representative,No,0,36-45,10K+,6-10 years
28,Sales,Female,Single,Travel_Frequently,Human Resources,12,1,3,3,2,3,Yes,5057,2,0,10,15,0,5,5,4,23,Sales Representative,No,0,26-35,3K-6K,6-10 years
34,Research & Development,Male,Married,Travel_Frequently,Marketing,3,1,1,3,3,2,No,2401,5,5,9,4,2,10,2,3,23,Research Director,No,0,26-35,< 3K,6-10 years
27,Research & Development,Male,Married,Travel_Rarely,Life Sciences,8,1,4,4,3,2,No,7804,0,6,3,5,5,2,3,3,18,Manufacturing Director,No,0,26-35,6K-10K,2-5 years
33,Research & Development,Male,Married,Travel_Rarely,Medical,16,4,3,3,3,3,No,3032,3,3,4,5,4,1,2,4,11,Healthcare Representative,No,0,26-35,3K-6K,2-5 years
44,Human Resources,Male,Single,Non-Travel,Medical,5,2,3,2,3,3,No,3844,4,0,2,7,1,0,1,3,19,Human Resources,No,0,36-45,3K-6K,2-5 years
20,Research & Development,Female,Married,Travel_Rarely,Life Sciences,22,4,1,2,4,4,No,3680,1,19,2,0,0,8,4,4,16,Healthcare Representative,No,0,18-25,3K-6K,2-5 years
40,Research & Development,Female,Divorced,Travel_Rarely,Medical,12,1,3,1,2,4,No,3949,2,0,1,4,2,6,4,3,23,Research Director,No,0,36-45,3K-6K,0-1 years
38,Research & Development,Female,Single,Travel_Rarely,Marketing,3,3,3,4,3,3,No,4278,2,18,5,7,0,2,6,3,21,Research Director,No,0,36-45,3K-6K,2-5 years
31,Sales,Female,Single,Travel_Rarely,Life Sciences,2,1,2,1,3,3,No,2525,1,28,1,3,2,1,1,3,25,Sales Representative,No,0,26-35,< 3K,0-1 years
23,Research & Development,Female,Divorced,Travel_Rarely,Medical,4,1,3,4,3,2,No,3534,4,5,9,7,2,9,4,3,16,Manufacturing Director,No,0,18-25,3K-6K,6-10 years
37,Research & Development,Male,Single,Non-Travel,Medical,8,3,1,1,2,2,No,9112,1,14,6,4,1,3,3,3,15,Healthcare Representative,No,0,36-45,6K-10K,6-10 years
31,Sales,Male,Married,Travel_Frequently,Marketing,23,1,2,3,2,1,No,5105,3,8,7,6,6,3,4,3,18,Sales Manager,No,0,26-35,3K-6K,6-10 years
38,Research & Development,Male,Married,Non-Travel,Other,26,2,4,1,3,4,Yes,5571,3,18,4,9,0,2,4,3,23,Research Scientist,No,0,36-45,3K-6K,2-5 years
36,Research & Development,Male,Single,Travel_Rarely,Technical Degree,5,3,1,4,3,2,No,1523,1,1,6,3,0,2,2,3,18,Research Scientist,No,0,36-45,< 3K,6-10 years
50,Research & Development,Male,Married,Travel_Rarely,Medical,5,2,2,2,3,3,No,8758,1,10,5,0,1,6,1,3,16,Research Scientist,No,0,46-60,6K-10K,2-5 years
34,Research & Development,Male,Married,Travel_Rarely,Medical,14,2,3,3,2,3,Yes,3567,2,20,11,3,3,0,4,3,24,Research Scientist,No,0,26-35,3K-6K,10+ years
27,Research & Development,Female,Single,Travel_Rarely,Medical,14,1,4,4,3,3,Yes,9649,0,11,3,1,2,4,2,3,16,Laboratory Technician,No,0,26-35,6K-10K,2-5 years
38,Sales,Male,Divorced,Travel_Rarely,Medical,20,1,1,3,3,3,No,5660,5,0,8,0,2,8,1,3,24,Sales Executive,No,0,36-45,3K-6K,6-10 years
38,Research & Development,Female,Single,Travel_Frequently,Life Sciences,20,5,1,1,4,1,Yes,3817,2,21,0,4,0,4,8,3,20,Research Scientist,Yes,1,36-45,3K-6K,0-1 years
48,Sales,Female,Married,Non-Travel,Medical,4,1,3,4,3,3,No,2067,2,1,10,5,0,8,2,4,11,Sales Manager,No,0,46-60,< 3K,6-10 years
44,Human Resources,Female,Divorced,Travel_Rarely,Marketing,2,1,3,3,3,3,Yes,17199,2,12,3,8,1,9,4,3,18,HR Manager,No,0,36-45,10K+,2-5 years
39,Research & Development,Female,Single,Travel_Rarely,Medical,13,1,3,1,3,4,Yes,8089,4,16,1,0,1,8,3,3,21,Research Scientist,No,0,36-45,6K-10K,0-1 years
49,Research & Development,Male,Divorced,Travel_Rarely,Technical Degree,10,4,3,3,3,3,Yes,8359,1,12,0,4,6,2,4,4,24,Laboratory Technician,No,0,46-60,6K-10K,0-1 years
25,Sales,Female,Single,Travel_Rarely,Medical,1,3,4,4,3,4,No,14140,2,31,0,9,3,4,4,4,19,Sales Representative,No,0,18-25,10K+,0-1 years
30,Research & Development,Male,Married,Travel_Rarely,Life Sciences,2,2,4,3,2,3,No,5882,1,17,3,2,1,5,5,3,11,Research Director,No,0,26-35,3K-6K,2-5 years
28,Sales,Female,Single,Travel_Rarely,Life Sciences,12,4,2,4,4,2,No,10941,1,9,15,6,6,2,1,3,16,Sales Executive,No,0,26-35,10K+,10+ years
32,Sales,Male,Married,Travel_Rarely,Life Sciences,7,1,1,3,3,3,No,3997,2,16,2,10,4,2,1,3,25,Sales Manager,No,0,26-35,3K-6K,2-5 years
24,Research & Development,Male,Divorced,Travel_Rarely,Life Sciences,12,4,2,3,3,4,No,7802,2,13,0,0,0,2,2,3,18,Research Scientist,No,0,18-25,6K-10K,0-1 years
42,Research & Development,Female,Divorced,Travel_Frequently,Medical,3,1,1,2,3,2,Yes,3677,1,11,8,5,0,14,2,3,16,Manufacturing Director,No,0,36-45,3K-6K,6-10 years
34,Research & Development,Female,Divorced,Travel_Rarely,Life Sciences,13,2,2,4,3,2,Yes,3941,2,13,0,9,0,3,2,4,24,Manufacturing Director,No,0,26-35,3K-6K,0-1 years
23,Research & Development,Male,Married,Travel_Rarely,Life Sciences,11,1,4,2,2,4,No,5485,4,8,11,3,4,8,5,3,17,Laboratory Technician,No,0,18-25,3K-6K,10+ years
27,Research & Development,Female,Married,Travel_Rarely,Life Sciences,14,5,2,1,2,4,Yes,2590,5,13,3,10,5,1,6,3,22,Research Scientist,No,0,26-35,< 3K,2-5 years
39,Research & Development,Male,Married,Travel_Rarely,Marketing,6,4,1,2,2,2,No,6233,1,7,4,7,0,11,2,4,11,Manufacturing Director,No,0,36-45,6K-10K,2-5 years
44,Sales,Female,Divorced,Travel_Rarely,Marketing,5,2,3,4,2,3,No,4380,3,0,13,11,4,2,4,4,19,Sales Manager,No,0,36-45,3K-6K,10+ years
54,Sales,Male,Married,Travel_Frequently,Life Sciences,2,1,4,2,1,3,No,1743,2,20,10,6,4,4,4,3,11,Sales Representative,No,0,46-60,< 3K,6-10 years
60,Sales,Male,Divorced,Travel_Frequently,Life Sciences,6,1,2,2,3,3,No,4043,4,6,0,11,7,0,3,3,13,Sales Manager,No,0,46-60,3K-6K,0-1 years
40,Research & Development,Male,Single,Travel_Rarely,Life Sciences,17,2,4,1,2,3,No,4301,2,12,0,5,5,8,2,3,19,Laboratory Technician,No,0,36-45,3K-6K,0-1 years
27,Research & Development,Male,Married,Travel_Rarely,Life Sciences,20,1,4,1,4,4,No,8312,4,5,0,0,7,9,5,3,20,Healthcare Representative,No,0,26-35,6K-10K,0-1 years
18,Research & Development,Male,Married,Travel_Rarely,Life Sciences,3,1,3,4,4,2,No,6083,2,5,22,1,4,0,3,3,12,Research Director,No,0,18-25,6K-10K,10+ years
38,Research & Development,Male,Single,Travel_Rarely,Life Sciences,8,2,3,3,2,3,No,11528,2,3,1,8,4,9,5,3,18,Laboratory Technician,No,0,36-45,10K+,0-1 years
29,Sales,Male,Single,Travel_Rarely,Life Sciences,23,2,3,4,3,1,No,6922,2,19,13,8,1,0,1,3,17,Sales Manager,No,0,26-35,6K-10K,10+ years
32,Research & Development,Male,Divorced,Travel_Frequently,Other,26,4,2,4,3,3,No,3834,3,21,3,3,5,7,2,3,17,Research Director,No,0,26-35,3K-6K,2-5 years
30,Research & Development,Male,Married,Travel_Rarely,Medical,6,2,3,2,4,3,No,5036,1,11,0,11,0,3,2,3,23,Manufacturing Director,No,0,26-35,3K-6K,0-1 years
35,Sales,Male,Single,Travel_Rarely,Technical Degree,18,1,1,4,3,3,No,4294,3,7,6,3,2,9,4,3,25,Sales Representative,No,0,26-35,3K-6K,6-10 years
46,Research & Development,Female,Married,Travel_Rarely,Life Sciences,16,2,4,4,3,4,No,6801,4,0,4,6,4,5,2,3,12,Research Scientist,No,0,46-60,6K-10K,2-5 years
37,Research & Development,Female,Married,Travel_Rarely,Life Sciences,15,1,4,4,2,3,Yes,5374,3,17,11,6,7,8,2,3,25,Research Scientist,No,0,36-45,3K-6K,10+ years
35,Research & Development,Male,Married,Non-Travel,Other,2,2,2,4,4,3,No,3680,2,6,11,0,1,9,3,4,11,Research Director,No,0,26-35,3K-6K,10+ years
27,Research & Development,Female,Divorced,Travel_Rarely,Life Sciences,5,3,3,3,2,2,No,5225,1,2,2,4,5,3,2,3,25,Laboratory Technician,No,0,26-35,3K-6K,2-5 years
21,Sales,Male,Divorced,Travel_Rarely,Medical,7,1,2,4,3,4,No,6701,4,11,0,14,2,4,5,3,20,Sales Manager,No,0,18-25,6K-10K,0-1 years
32,Research & Development,Male,Married,Travel_Rarely,Other,7,1,1,1,2,3,Yes,2990,0,8,0,0,5,0,2,3,22,Laboratory Technician,No,0,26-35,< 3K,0-1 years
36,Sales,Female,Married,Travel_Frequently,Medical,8,3,3,4,3,3,No,6190,3,0,0,7,0,3,3,3,14,Sales Executive,No,0,36-45,6K-10K,0-1 years
52,Sales,Female,Married,Travel_Rarely,Life Sciences,27,2,1,2,3,3,No,2182,3,0,4,0,5,12,0,3,19,Sales Representative,No,0,46-60,< 3K,2-5 years
37,Sales,Female,Divorced,Travel_Rarely,Medical,6,2,4,3,2,3,No,9552,2,14,6,0,2,7,5,3,19,Sales Executive,No,0,36-45,6K-10K,6-10 years
45,Research & Development,Male,Single,Travel_Rarely,Life Sciences,11,3,2,4,2,3,No,6949,2,6,0,0,0,0,5,4,15,Manufacturing Director,No,0,36-45,6K-10K,0-1 years
32,Research & Development,Female,Single,Travel_Rarely,Life Sciences,11,2,4,3,2,3,No,12740,3,15,0,8,2,11,4,3,18,Manufacturing Director,No,0,26-35,10K+,0-1 years
25,Sales,Male,Divorced,Travel_Frequently,Life Sciences,8,1,2,1,3,2,No,2814,3,12,6,1,6,6,1,4,25,Sales Manager,No,0,18-25,< 3K,6-10 years
27,Research & Development,Male,Divorced,Travel_Rarely,Technical Degree,3,3,2,4,3,4,Yes,9699,2,19,2,9,0,7,5,3,12,Research Director,No,0,26-35,6K-10K,2-5 years
29,Research & Development,Male,Single,Travel_Rarely,Medical,9,4,4,4,2,4,No,8700,3,4,5,2,0,6,2,3,17,Healthcare Representative,No,0,26-35,6K-10K,2-5 years
55,Sales,Female,Married,Travel_Rarely,Life Sciences,1,1,3,3,3,3,No,4704,0,13,4,5,4,6,3,4,16,Sales Manager,No,0,46-60,3K-6K,2-5 years
29,Research & Development,Male,Married,Travel_Rarely,Life Sciences,12,1,2,4,1,4,No,4227,2,16,7,6,0,0,4,3,14,Laboratory Technician,No,0,26-35,3K-6K,6-10 years
44,Sales,Female,Married,Travel_Rarely,Medical,1,3,4,4,3,3,No,2863,5,6,3,0,7,8,3,3,18,Sales Representative,No,0,36-45,< 3K,2-5 years
28,Sales,Female,Single,Travel_Frequently,Human Resources,11,2,2,4,3,3,No,2481,1,20,3,5,7,0,3,3,12,Sales Representative,No,0,26-35,< 3K,2-5 years
44,Sales,Female,Single,Travel_Rarely,Life Sciences,5,2,1,2,4,4,Yes,3440,3,0,0,5,6,8,7,3,12,Sales Representative,No,0,36-45,3K-6K,0-1 years
39,Research & Development,Female,Married,Travel_Rarely,Life Sciences,3,2,3,3,4,3,No,2606,2,4,6,9,2,4,1,3,23,Healthcare Representative,No,0,36-45,< 3K,6-10 years
35,Sales,Female,Married,Travel_Rarely,Technical Degree,14,3,3,4,2,3,No,12507,6,0,7,0,7,7,0,4,15,Sales Representative,No,0,26-35,10K+,6-10 years
36,Research & Development,Male,Married,Travel_Frequently,Human Resources,6,2,3,4,2,3,No,2276,4,5,5,1,7,5,4,3,15,Laboratory Technician,No,0,36-45,< 3K,2-5 years
30,Sales,Male,Single,Travel_Rarely,Human Resources,8,1,4,1,4,3,No,5644,2,10,17,7,1,8,1,4,20,Sales Representative,No,0,26-35,3K-6K,10+ years
40,Sales,Male,Divorced,Travel_Rarely,Life Sciences,2,1,3,1,2,2,No,6608,1,18,7,10,7,4,0,3,22,Sales Executive,No,0,36-45,6K-10K,6-10 years
32,Sales,Male,Married,Travel_Rarely,Life Sciences,21,2,2,2,1,4,No,6330,3,10,5,2,0,5,2,3,23,Sales Representative,Yes,1,26-35,6K-10K,2-5 years
25,Research & Development,Male,Divorced,Travel_Rarely,Medical,9,4,2,4,2,2,No,6643,2,6,9,0,2,6,0,3,20,Healthcare Representative,No,0,18-25,6K-10K,6-10 years
24,Research & Development,Male,Single,Non-Travel,Life Sciences,9,2,1,4,3,3,No,8751,0,0,19,3,0,12,4,3,14,Research Scientist,No,0,18-25,6K-10K,10+ years
38,Research & Development,Male,Married,Travel_Rarely,Technical Degree,12,1,4,3,3,2,No,4069,1,1,8,0,3,6,4,4,15,Manufacturing Director,No,0,36-45,3K-6K,6-10 years
50,Research & Development,Male,Divorced,Travel_Rarely,Life Sciences,1,4,1,1,4,3,Yes,5457,2,13,0,6,2,0,3,3,21,Laboratory Technician,No,0,46-60,3K-6K,0-1 years
37,Research & Development,Male,Married,Travel_Rarely,Medical,23,2,3,2,3,3,No,4425,3,18,9,0,1,2,1,3,23,Research Scientist,No,0,36-45,3K-6K,6-10 years
35,Research & Development,Female,Single,Travel_Rarely,Human Resources,6,2,3,4,2,3,No,10645,1,8,1,8,2,6,6,3,24,Research Scientist,No,0,26-35,10K+,0-1 years
39,Research & Development,Male,Single,Travel_Rarely,Other,22,1,4,2,3,3,No,16504,2,21,0,5,1,9,2,3,23,Manufacturing Director,No,0,36-45,10K+,0-1 years
48,Sales,Female,Single,Travel_Rarely,Medical,6,3,1,1,3,2,Yes,2697,3,3,16,8,3,1,2,3,20,Sales Representative,No,0,46-60,< 3K,10+ years
38,Sales,Female,Married,Travel_Rarely,Other,5,3,2,2,2,1,No,1702,2,8,15,0,6,13,2,3,13,Sales Representative,No,0,36-45,< 3K,10+ years
32,Research & Development,Male,Married,Travel_Frequently,Life Sciences,11,3,4,4,4,2,No,7111,2,9,1,0,0,5,2,3,17,Research Scientist,No,0,26-35,6K-10K,0-1 years
46,Sales,Female,Single,Travel_Frequently,Life Sciences,29,1,3,3,3,3,Yes,9369,5,23,1,9,5,6,3,3,12,Sales Executive,No,0,46-60,6K-10K,0-1 years
40,Sales,Female,Married,Travel_Rarely,Life Sciences,18,2,3,1,3,4,No,15256,4,12,7,1,3,0,0,4,17,Sales Executive,No,0,36-45,10K+,6-10 years
50,Research & Development,Female,Single,Non-Travel,Other,12,1,4,2,3,3,No,7803,3,0,1,0,4,8,2,3,20,Healthcare Representative,No,0,46-60,6K-10K,0-1 years
38,Research & Development,Male,Married,Non-Travel,Human Resources,11,5,4,4,3,3,No,11205,4,19,5,3,2,2,3,3,21,Healthcare Representative,No,0,36-45,10K+,2-5 years
25,Sales,Male,Married,Travel_Rarely,Life Sciences,9,1,2,3,3,2,No,12958,1,26,2,5,0,1,3,3,14,Sales Representative,No,0,18-25,10K+,2-5 years
24,Human Resources,Male,Single,Travel_Rarely,Life Sciences,21,2,4,3,3,4,No,11638,1,9,4,3,4,3,2,3,21,Human Resources,Yes,1,18-25,10K+,2-5 years
51,Sales,Female,Single,Travel_Rarely,Life Sciences,14,3,1,1,3,4,No,8443,2,4,0,6,4,10,2,3,15,Sales Executive,No,0,46-60,6K-10K,0-1 years
52,Sales,Female,Single,Travel_Rarely,Life Sciences,2,1,4,2,3,3,No,2569,4,18,11,5,0,6,3,3,21,Sales Representative,No,0,46-60,< 3K,10+ years
34,Human Resources,Female,Single,Travel_Rarely,Technical Degree,3,1,1,4,3,2,No,5176,0,27,13,5,0,0,2,3,25,HR Manager,No,0,26-35,3K-6K,10+ years
33,Research & Development,Female,Married,Travel_Rarely,Life Sciences,13,1,2,4,2,3,No,6133,3,18,5,9,3,2,1,3,15,Research Scientist,No,0,26-35,6K-10K,2-5 years
49,Research & Development,Female,Single,Non-Travel,Marketing,3,2,1,3,4,4,No,4922,6,0,6,4,5,10,2,3,13,Manufacturing Director,No,0,46-60,3K-6K,6-10 years
26,Research & Development,Female,Single,Travel_Rarely,Medical,9,5,4,4,4,2,Yes,5092,2,17,10,4,6,3,6,3,25,Manufacturing Director,No,0,26-35,3K-6K,6-10 years
28,Human Resources,Male,Divorced,Travel_Frequently,Life Sciences,15,2,4,2,3,3,No,12313,2,14,6,7,6,6,6,3,18,HR Manager,No,0,26-35,10K+,6-10 years
42,Research & Development,Female,Divorced,Travel_Rarely,Life Sciences,11,5,2,4,4,4,No,3429,1,3,16,6,4,7,1,3,14,Laboratory Technician,No,0,36-45,3K-6K,10+ years
32,Research & Development,Male,Single,Travel_Rarely,Other,2,1,2,1,3,3,No,8070,5,21,0,0,2,0,2,3,15,Laboratory Technician,No,0,26-35,6K-10K,0-1 years
36,Sales,Male,Single,Travel_Frequently,Medical,4,2,2,2,3,3,No,6189,3,15,11,4,2,9,3,4,18,Sales Representative,No,0,36-45,6K-10K,10+ years
35,Research & Development,Male,Married,Travel_Rarely,Medical,12,4,1,4,3,3,No,3245,6,22,5,6,0,1,2,3,16,Manufacturing Director,No,0,26-35,3K-6K,2-5 years
39,Sales,Female,Divorced,Travel_Rarely,Life Sciences,29,4,4,4,1,4,No,2876,1,3,0,2,0,3,4,3,24,Sales Executive,No,0,36-45,< 3K,0-1 years
49,Research & Development,Male,Divorced,Travel_Rarely,Human Resources,8,1,1,4,3,3,No,2040,2,14,19,2,2,10,4,3,16,Healthcare Representative,No,0,46-60,< 3K,10+ years
37,Human Resources,Male,Single,Travel_Rarely,Technical Degree,16,2,4,3,3,4,Yes,6792,3,4,20,0,2,10,3,3,18,HR Manager,No,0,36-45,6K-10K,10+ years
42,Sales,Male,Single,Travel_Rarely,Technical Degree,11,4,4,4,2,3,No,5022,0,13,5,0,3,6,3,3,14,Sales Manager,No,0,36-45,3K-6K,2-5 years
18,Research & Development,Male,Married,Travel_Rarely,Medical,5,3,1,3,2,3,No,3302,2,23,9,3,0,7,5,3,21,Research Scientist,No,0,18-25,3K-6K,6-10 years
36,Sales,Male,Divorced,Travel_Rarely,Technical Degree,16,2,3,2,3,4,No,1853,3,0,3,5,0,8,2,3,22,Sales Manager,No,0,36-45,< 3K,2-5 years
28,Research & Development,Female,Divorced,Travel_Rarely,Life Sciences,2,1,4,3,3,3,No,6597,3,0,4,0,5,10,6,3,19,Healthcare Representative,No,0,26-35,6K-10K,2-5 years
25,Research & Development,Female,Single,Travel_Rarely,Medical,15,1,4,3,4,3,Yes,4726,1,19,0,10,0,10,2,3,23,Healthcare Representative,No,0,18-25,3K-6K,0-1 years
28,Sales,Male,Married,Travel_Rarely,Life Sciences,12,2,4,3,2,1,Yes,3512,1,11,0,0,0,4,4,3,15,Sales Representative,No,0,26-35,3K-6K,0-1 years
33,Sales,Male,Single,Travel_Rarely,Medical,5,2,1,4,4,4,Yes,3060,1,20,17,8,3,1,2,3,19,Sales Manager,Yes,1,26-35,3K-6K,10+ years
44,Research & Development,Male,Married,Travel_Rarely,Other,3,1,1,3,2,3,Yes,4561,2,5,6,6,0,3,4,3,21,Manufacturing Director,No,0,36-45,3K-6K,6-10 years
24,Research & Development,Male,Divorced,Travel_Rarely,Other,6,1,4,1,2,2,No,6734,3,11,6,13,6,5,1,3,24,Research Scientist,No,0,18-25,6K-10K,6-10 years
36,Sales,Male,Married,Travel_Frequently,Medical,4,2,2,2,3,4,No,4337,2,17,1,6,0,4,4,3,15,Sales Executive,Yes,1,36-45,3K-6K,0-1 years
32,Research & Development,Female,Single,Travel_Rarely,Medical,7,2,3,4,3,4,Yes,2705,2,13,7,0,3,0,2,3,13,Healthcare Representative,No,0,26-35,< 3K,6-10 years
33,Research & Development,Female,Married,Travel_Rarely,Human Resources,6,2,4,1,3,4,No,5036,0,0,0,8,0,6,3,3,22,Manufacturing Director,No,0,26-35,3K-6K,0-1 years
45,Research & Development,Male,Married,Travel_Rarely,Other,5,2,3,4,2,3,Yes,9242,2,34,1,11,3,0,0,3,18,Manufacturing Director,No,0,36-45,6K-10K,0-1 years
41,Research & Development,Male,Divorced,Non-Travel,Marketing,1,1,1,1,2,4,Yes,5316,2,13,0,0,1,4,5,3,11,Research Director,Yes,1,36-45,3K-6K,0-1 years
48,Sales,Male,Married,Travel_Rarely,Life Sciences,3,3,2,2,3,4,No,5399,3,0,14,7,2,5,2,3,23,Sales Executive,No,0,46-60,3K-6K,10+ years
35,Research & Development,Male,Divorced,Travel_Rarely,Life Sciences,17,2,4,4,2,2,No,4347,0,14,0,7,6,4,2,3,18,Research Director,No,0,26-35,3K-6K,0-1 years
30,Research & Development,Female,Single,Travel_Rarely,Human Resources,5,1,2,2,2,4,No,3188,3,14,0,3,0,7,6,3,20,Laboratory Technician,No,0,26-35,3K-6K,0-1 years
34,Sales,Female,Single,Travel_Rarely,Marketing,7,2,1,4,2,3,Yes,3130,4,19,0,0,0,7,4,3,16,Sales Representative,No,0,26-35,3K-6K,0-1 years
38,Research & Development,Female,Single,Travel_Rarely,Marketing,6,2,4,1,2,4,No,2085,1,18,1,3,2,13,2,3,25,Laboratory Technician,No,0,36-45,< 3K,0-1 years
38,Sales,Female,Single,Travel_Rarely,Medical,22,2,3,3,3,3,Yes,9958,1,9,3,2,7,2,4,3,17,Sales Manager,No,0,36-45,6K-10K,2-5 years
26,Research & Development,Female,Single,Travel_Rarely,Medical,4,2,3,3,2,3,No,6706,0,0,12,10,2,5,2,3,19,Research Scientist,No,0,26-35,6K-10K,10+ years
37,Sales,Female,Married,Travel_Rarely,Life Sciences,4,2,4,4,3,3,No,5441,0,15,5,4,6,5,1,3,19,Sales Representative,Yes,1,36-45,3K-6K,2-5 years
38,Sales,Male,Single,Travel_Rarely,Marketing,12,3,3,1,3,1,No,6118,2,0,4,2,2,5,5,3,25,Sales Executive,No,0,36-45,6K-10K,2-5 years
59,Sales,Male,Single,Travel_Frequently,Life Sciences,10,1,4,2,3,2,No,6268,2,21,8,2,6,0,0,3,20,Sales Manager,No,0,46-60,6K-10K,6-10 years
53,Research & Development,Male,Single,Travel_Rarely,Medical,12,1,4,3,3,3,No,3472,7,5,3,5,4,0,4,3,12,Research Scientist,No,0,46-60,3K-6K,2-5 years
28,Research & Development,Male,Single,Non-Travel,Marketing,12,1,2,4,3,4,No,4348,2,16,20,4,4,4,3,3,23,Healthcare Representative,No,0,26-35,3K-6K,10+ years
33,Sales,Male,Divorced,Travel_Frequently,Technical Degree,16,2,2,4,4,1,Yes,4006,2,6,2,1,0,0,4,3,11,Sales Manager,No,0,26-35,3K-6K,2-5 years
23,Research & Development,Male,Divorced,Travel_Frequently,Life Sciences,2,2,2,4,2,2,No,20000,1,7,8,5,0,3,6,4,18,Healthcare Representative,No,0,18-25,10K+,6-10 years
31,Research & Development,Female,Single,Travel_Frequently,Marketing,11,3,3,3,3,3,No,9114,2,5,11,2,6,1,0,3,16,Manufacturing Director,No,0,26-35,6K-10K,10+ years
39,Research & Development,Female,Married,Travel_Rarely,Life Sciences,4,1,3,3,1,2,Yes,5703,1,17,2,0,6,3,4,3,18,Healthcare Representative,No,0,36-45,3K-6K,2-5 years
47,Human Resources,Male,Married,Travel_Rarely,Life Sciences,1,2,3,4,3,2,Yes,11023,1,6,7,7,10,9,5,3,23,Human Resources,No,0,46-60,10K+,6-10 years
29,Sales,Male,Divorced,Travel_Rarely,Medical,12,1,4,4,3,2,No,10283,2,17,3,6,0,0,3,3,12,Sales Representative,No,0,26-35,10K+,2-5 years
30,Research & Development,Female,Married,Travel_Rarely,Life Sciences,11,2,3,4,2,3,Yes,2434,3,6,8,5,4,7,1,3,11,Healthcare Representative,No,0,26-35,< 3K,6-10 years
18,Sales,Male,Single,Travel_Rarely,Other,8,3,4,4,1,3,No,4600,0,9,7,2,0,2,2,3,24,Sales Executive,No,0,18-25,3K-6K,6-10 years
35,Research & Development,Male,Married,Travel_Rarely,Human Resources,16,1,3,4,1,4,No,5154,0,11,5,4,0,2,2,3,14,Research Scientist,No,0,26-35,3K-6K,2-5 years
26,Research & Development,Male,Divorced,Travel_Rarely,Life Sciences,4,1,3,1,1,3,No,7279,6,12,0,7,1,6,3,3,17,Laboratory Technician,No,0,26-35,6K-10K,0-1 years
31,Research & Development,Male,Married,Non-Travel,Technical Degree,13,2,1,2,3,2,No,4597,1,4,17,1,4,3,3,3,25,Manufacturing Director,No,0,26-35,3K-6K,10+ years
28,Research & Development,Male,Married,Travel_Rarely,Medical,7,3,3,4,2,4,No,4926,2,17,10,7,1,0,2,3,21,Research Scientist,No,0,26-35,3K-6K,6-10 years
35,Research & Development,Female,Single,Travel_Rarely,Medical,8,1,3,3,3,4,No,4035,1,9,0,0,3,3,5,3,20,Research Director,No,0,26-35,3K-6K,0-1 years
20,Sales,Female,Married,Travel_Rarely,Technical Degree,1,4,1,1,4,3,Yes,9259,2,15,3,5,5,0,2,4,11,Sales Representative,No,0,18-25,6K-10K,2-5 years
23,Sales,Female,Divorced,Travel_Rarely,Medical,16,5,4,3,2,4,Yes,2351,4,11,0,4,6,6,3,3,16,Sales Manager,No,0,18-25,< 3K,0-1 years
55,Research & Development,Male,Married,Travel_Frequently,Life Sciences,11,3,3,3,2,3,No,4111,1,16,11,8,5,0,2,3,18,Research Director,No,0,46-60,3K-6K,10+ years
24,Research & Development,Female,Married,Travel_Rarely,Life Sciences,13,1,2,4,3,4,No,1886,0,8,6,0,4,8,4,3,12,Manufacturing Director,No,0,18-25,< 3K,6-10 years
26,Research & Development,Female,Married,Travel_Rarely,Medical,4,2,4,4,4,3,No,2952,5,5,6,1,2,6,4,3,20,Healthcare Representative,No,0,26-35,< 3K,6-10 years
53,Human Resources,Male,Married,Travel_Rarely,Other,10,1,2,1,3,2,Yes,6191,0,14,1,0,1,10,3,3,22,HR Manager,No,0,46-60,6K-10K,0-1 years
60,Sales,Female,Married,Travel_Rarely,Medical,7,4,3,3,2,2,No,6256,2,7,4,2,4,13,1,3,16,Sales Manager,No,0,46-60,6K-10K,2-5 years
25,Sales,Male,Married,Travel_Rarely,Life Sciences,11,2,3,1,4,3,No,4377,1,23,11,5,0,8,3,3,24,Sales Executive,No,0,18-25,3K-6K,10+ years
33,Research & Development,Male,Divorced,Non-Travel,Life Sciences,10,1,1,4,3,4,Yes,9649,3,12,12,0,3,1,1,3,25,Research Director,No,0,26-35,6K-10K,10+ years
39,Research & Development,Male,Married,Travel_Rarely,Human Resources,25,1,3,1,2,3,No,10950,3,0,11,2,0,13,1,3,22,Manufacturing Director,No,0,36-45,10K+,10+ years
52,Research & Development,Male,Married,Travel_Rarely,Life Sciences,20,3,2,3,4,1,No,5006,1,6,0,6,2,0,3,3,15,Manufacturing Director,No,0,46-60,3K-6K,0-1 years
27,Research & Development,Male,Married,Travel_Rarely,Medical,7,4,2,3,4,1,No,5968,5,3,5,4,0,0,3,4,12,Laboratory Technician,No,0,26-35,3K-6K,2-5 years
34,Research & Development,Male,Single,Travel_Rarely,Medical,12,2,3,3,3,3,No,4054,1,20,8,4,1,11,7,3,21,Manufacturing Director,No,0,26-35,3K-6K,6-10 years
43,Research & Development,Male,Single,Non-Travel,Life Sciences,6,2,1,3,2,4,No,7341,1,17,2,0,0,6,6,3,18,Manufacturing Director,No,0,36-45,6K-10K,2-5 years
40,Human Resources,Female,Single,Travel_Rarely,Life Sciences,16,3,4,4,3,3,No,2696,1,11,0,4,0,0,5,3,21,Human Resources,No,0,36-45,< 3K,0-1 years
33,Research & Development,Male,Married,Travel_Rarely,Life Sciences,7,3,2,3,2,3,Yes,13962,1,13,0,4,2,0,2,3,17,Research Director,No,0,26-35,10K+,0-1 years
35,Research & Development,Male,Single,Travel_Rarely,Life Sciences,5,3,2,1,3,3,No,9734,3,10,15,3,0,6,6,4,13,Manufacturing Director,No,0,26-35,6K-10K,10+ years
24,Sales,Male,Married,Travel_Rarely,Medical,10,2,4,2,2,4,No,2689,2,18,0,5,0,1,4,3,24,Sales Manager,No,0,18-25,< 3K,0-1 years
34,Research & Development,Female,Divorced,Travel_Rarely,Technical Degree,19,2,3,3,3,4,No,3369,4,15,6,3,5,1,1,3,25,Research Director,No,0,26-35,3K-6K,6-10 years
34,Sales,Male,Single,Travel_Rarely,Life Sciences,17,3,3,2,3,2,No,6556,3,17,5,2,3,12,8,4,22,Sales Representative,No,0,26-35,6K-10K,2-5 years
38,Research & Development,Female,Married,Travel_Frequently,Medical,6,1,3,4,4,3,No,4317,1,9,5,0,0,13,1,3,11,Laboratory Technician,No,0,36-45,3K-6K,2-5 years
31,Sales,Male,Divorced,Travel_Rarely,Life Sciences,23,2,4,2,4,4,No,7016,5,6,4,8,5,5,1,3,23,Sales Manager,No,0,26-35,6K-10K,2-5 years
40,Research & Development,Male,Married,Travel_Rarely,Life Sciences,4,1,1,4,1,4,No,4267,2,16,11,0,1,3,5,3,25,Research Scientist,No,0,36-45,3K-6K,10+ years
45,Research & Development,Male,Single,Travel_Frequently,Marketing,5,2,1,1,2,3,Yes,12029,0,23,6,5,1,8,1,3,17,Healthcare Representative,No,0,36-45,10K+,6-10 years
37,Sales,Male,Married,Travel_Frequently,Marketing,15,3,4,4,3,2,No,5224,4,20,2,11,0,2,6,3,18,Sales Executive,No,0,36-45,3K-6K,2-5 years
39,Research & Development,Female,Married,Travel_Rarely,Marketing,1,1,1,1,2,3,Yes,19687,4,24,6,8,8,0,1,3,11,Manufacturing Director,No,0,36-45,10K+,6-10 years
36,Research & Development,Female,Married,Travel_Rarely,Life Sciences,8,2,4,3,1,3,No,7244,2,12,0,6,3,0,5,3,20,Laboratory Technician,No,0,36-45,6K-10K,0-1 years
36,Research & Development,Male,Single,Travel_Rarely,Medical,7,1,3,2,3,2,No,2476,1,3,9,5,3,4,4,3,22,Research Director,No,0,36-45,< 3K,6-10 years
30,Research & Development,Female,Married,Travel_Frequently,Medical,24,4,3,3,3,4,Yes,16383,0,4,2,3,4,8,1,4,14,Healthcare Representative,No,0,26-35,10K+,2-5 years
39,Sales,Male,Married,Travel_Rarely,Other,3,3,4,2,1,2,No,9516,4,22,2,0,0,4,3,3,20,Sales Representative,No,0,36-45,6K-10K,2-5 years
35,Research & Development,Male,Single,Travel_Rarely,Medical,4,2,4,4,3,4,No,6409,2,0,9,3,1,7,4,3,14,Healthcare Representative,No,0,26-35,6K-10K,6-10 years
55,Research & Development,Male,Married,Travel_Rarely,Other,26,3,1,3,4,3,No,7421,1,23,4,6,4,8,2,3,13,Healthcare Representative,No,0,46-60,6K-10K,2-5 years
50,Research & Development,Male,Single,Travel_Rarely,Life Sciences,7,1,3,4,3,1,No,2704,4,5,4,6,2,10,5,3,11,Research Scientist,No,0,46-60,< 3K,2-5 years
39,Sales,Female,Married,Travel_Rarely,Medical,18,3,4,4,2,3,No,1928,1,26,13,7,9,5,5,3,22,Sales Executive,No,0,36-45,< 3K,10+ years
29,Research & Development,Male,Divorced,Travel_Frequently,Marketing,6,3,2,3,3,3,No,5082,2,10,0,9,1,5,4,4,14,Research Director,No,0,26-35,3K-6K,0-1 years
26,Sales,Male,Single,Travel_Rarely,Life Sciences,5,1,4,4,4,4,Yes,11100,1,17,9,3,5,4,1,3,13,Sales Representative,No,0,26-35,10K+,6-10 years
47,Sales,Male,Married,Travel_Rarely,Medical,19,5,3,2,1,3,No,6464,0,30,12,5,5,3,6,3,25,Sales Manager,No,0,46-60,6K-10K,10+ years
38,Research & Development,Male,Married,Non-Travel,Medical,29,1,1,3,3,2,No,13312,0,8,13,0,3,0,4,4,22,Laboratory Technician,No,0,36-45,10K+,10+ years
40,Sales,Male,Single,Travel_Rarely,Other,20,2,4,2,3,4,No,10755,0,8,19,13,3,9,4,3,14,Sales Manager,No,0,36-45,10K+,10+ years
20,Research & Development,Female,Divorced,Travel_Rarely,Life Sciences,5,1,4,4,3,3,No,5259,2,5,2,2,2,2,2,3,21,Research Scientist,No,0,18-25,3K-6K,2-5 years
44,Research & Development,Male,Married,Travel_Rarely,Other,8,3,1,1,2,2,No,9971,1,3,1,7,0,2,4,4,18,Manufacturing Director,No,0,36-45,6K-10K,0-1 years
40,Sales,Male,Single,Travel_Rarely,Life Sciences,4,1,4,3,4,4,Yes,12014,3,8,11,2,4,2,4,3,11,Sales Representative,No,0,36-45,10K+,10+ years
26,Sales,Male,Divorced,Travel_Rarely,Medical,4,1,2,3,2,2,Yes,4976,2,7,12,2,4,0,3,3,15,Sales Representative,No,0,26-35,3K-6K,10+ years
32,Research & Development,Male,Married,Travel_Rarely,Medical,4,2,1,3,1,2,Yes,4623,0,1,1,3,4,4,5,4,22,Research Director,No,0,26-35,3K-6K,0-1 years
38,Research & Development,Male,Married,Travel_Rarely,Life Sciences,6,5,2,2,1,3,Yes,5618,3,9,9,0,3,6,1,4,21,Research Scientist,No,0,36-45,3K-6K,6-10 years
36,Research & Development,Female,Single,Travel_Rarely,Other,9,1,4,3,3,3,No,1500,2,15,22,0,5,1,1,4,17,Healthcare Representative,No,0,36-45,< 3K,10+ years
33,Research & Development,Female,Single,Travel_Rarely,Human Resources,8,2,1,4,1,3,No,6067,5,4,7,9,0,8,3,3,25,Research Director,No,0,26-35,6K-10K,6-10 years
35,Research & Development,Male,Married,Travel_Frequently,Other,14,2,1,2,3,4,Yes,7728,1,10,12,6,7,3,2,3,18,Research Scientist,No,0,26-35,6K-10K,10+ years
34,Research & Development,Female,Single,Travel_Rarely,Other,9,3,4,2,4,2,No,5630,1,22,15,0,0,0,3,3,11,Healthcare Representative,No,0,26-35,3K-6K,10+ years
37,Research & Development,Male,Single,Travel_Frequently,Medical,13,1,3,4,1,4,Yes,6285,3,0,21,6,2,9,2,3,25,Research Scientist,No,0,36-45,6K-10K,10+ years
49,Research & Development,Female,Married,Travel_Rarely,Medical,14,2,1,4,3,1,No,5077,2,26,7,7,5,5,5,3,11,Healthcare Representative,No,0,46-60,3K-6K,6-10 years
18,Sales,Female,Single,Travel_Rarely,Technical Degree,6,4,2,1,4,2,No,1734,3,6,14,1,1,7,1,3,24,Sales Representative,No,0,18-25,< 3K,10+ years
34,Sales,Female,Single,Travel_Rarely,Life Sciences,7,1,4,3,1,2,No,12976,5,13,1,6,5,8,2,3,12,Sales Manager,No,0,26-35,10K+,0-1 years
38,Sales,Female,Single,Travel_Rarely,Technical Degree,29,2,3,1,3,1,Yes,4248,2,21,6,8,1,0,2,4,16,Sales Executive,No,0,36-45,3K-6K,6-10 years
39,Research & Development,Male,Married,Travel_Rarely,Medical,5,4,4,4,4,3,No,3702,2,24,3,0,3,2,2,3,11,Laboratory Technician,No,0,36-45,3K-6K,2-5 years
33,Research & Development,Male,Married,Travel_Rarely,Medical,13,1,1,3,3,4,No,10974,2,15,0,6,2,8,3,3,21,Research Scientist,No,0,26-35,10K+,0-1 years
20,Research & Development,Male,Divorced,Travel_Rarely,Life Sciences,3,2,3,2,3,4,No,8908,2,5,0,5,1,11,1,3,15,Healthcare Representative,No,0,18-25,6K-10K,0-1 years
39,Research & Development,Male,Single,Travel_Rarely,Life Sciences,15,1,4,2,4,3,Yes,6043,4,5,9,12,9,4,3,3,18,Research Scientist,No,0,36-45,6K-10K,6-10 years
52,Research & Development,Female,Single,Travel_Rarely,Life Sciences,4,3,2,3,3,1,No,7939,2,6,9,6,0,1,5,3,13,Healthcare Representative,No,0,46-60,6K-10K,6-10 years
22,Research & Development,Male,Married,Travel_Rarely,Medical,9,4,1,1,2,4,No,2755,4,26,0,2,0,11,2,3,23,Laboratory Technician,No,0,18-25,< 3K,0-1 years
44,Sales,Male,Married,Travel_Rarely,Life Sciences,2,2,2,4,2,3,No,4974,3,8,15,3,0,1,2,3,17,Sales Manager,No,0,36-45,3K-6K,10+ years
33,Research & Development,Male,Married,Travel_Rarely,Life Sciences,8,2,2,3,3,3,No,10599,2,14,0,12,3,5,5,3,15,Research Scientist,No,0,26-35,10K+,0-1 years
35,Sales,Male,Divorced,Travel_Rarely,Life Sciences,8,2,2,3,3,3,No,3583,3,3,8,3,1,2,1,3,11,Sales Representative,No,0,26-35,3K-6K,6-10 years
27,Research & Development,Female,Married,Travel_Rarely,Medical,7,1,4,4,2,2,No,3003,2,2,4,6,6,5,5,3,18,Research Scientist,No,0,26-35,3K-6K,2-5 years
33,Sales,Female,Married,Travel_Rarely,Life Sciences,11,1,3,1,2,3,No,5430,1,11,7,3,5,0,6,3,21,Sales Executive,No,0,26-35,3K-6K,6-10 years
48,Research & Development,Male,Divorced,Travel_Rarely,Technical Degree,18,1,3,1,4,4,Yes,5500,2,8,11,8,2,3,4,3,12,Research Director,No,0,46-60,3K-6K,10+ years
41,Research & Development,Male,Single,Travel_Rarely,Life Sciences,4,1,1,3,3,2,No,7425,2,9,11,9,0,1,1,3,18,Research Director,No,0,36-45,6K-10K,10+ years
52,Research & Development,Male,Divorced,Travel_Rarely,Medical,7,2,3,4,2,3,Yes,2437,6,0,10,4,0,7,2,3,24,Research Director,No,0,46-60,< 3K,6-10 years
47,Sales,Male,Married,Non-Travel,Life Sciences,1,1,3,1,2,4,No,1500,2,10,9,2,2,5,1,3,24,Sales Executive,No,0,46-60,< 3K,6-10 years
40,Research & Development,Female,Married,Travel_Rarely,Medical,9,1,4,4,2,3,No,8631,3,23,0,2,0,8,2,3,24,Research Director,No,0,36-45,6K-10K,0-1 years
52,Research & Development,Male,Divorced,Travel_Frequently,Medical,3,2,3,3,2,3,No,2866,2,4,13,0,1,1,5,3,24,Manufacturing Director,No,0,46-60,< 3K,10+ years
40,Research & Development,Male,Married,Travel_Rarely,Medical,8,1,4,3,3,3,Yes,3718,3,18,0,4,7,3,4,3,15,Laboratory Technician,No,0,36-45,3K-6K,0-1 years
43,Sales,Male,Married,Travel_Rarely,Medical,10,1,2,3,2,4,No,1565,1,0,5,4,4,7,6,3,13,Sales Representative,No,0,36-45,< 3K,2-5 years
33,Research & Development,Female,Single,Travel_Rarely,Medical,2,1,3,1,4,3,No,9127,2,5,4,1,3,7,4,3,19,Research Scientist,No,0,26-35,6K-10K,2-5 years
37,Research & Development,Female,Married,Travel_Rarely,Life Sciences,11,1,4,2,2,3,No,6305,3,0,8,0,0,0,4,3,21,Healthcare Representative,No,0,36-45,6K-10K,6-10 years
30,Research & Development,Male,Married,Travel_Rarely,Medical,17,2,3,4,1,2,No,6167,1,21,3,5,3,5,2,3,16,Manufacturing Director,No,0,26-35,6K-10K,2-5 years
45,Sales,Male,Single,Travel_Frequently,Life Sciences,13,3,4,2,4,4,Yes,6145,6,18,5,5,2,1,2,3,14,Sales Executive,No,0,36-45,6K-10K,2-5 years
25,Research & Development,Male,Married,Travel_Rarely,Medical,4,3,4,3,3,4,No,1675,5,3,16,6,3,8,2,3,13,Healthcare Representative,No,0,18-25,< 3K,10+ years
43,Research & Development,Female,Married,Travel_Rarely,Medical,8,3,4,4,2,3,Yes,3025,3,13,0,0,5,11,3,4,18,Manufacturing Director,No,0,36-45,3K-6K,0-1 years
34,Human Resources,Male,Married,Travel_Rarely,Marketing,9,2,2,1,2,4,No,4056,1,21,6,6,5,0,5,3,11,HR Manager,No,0,26-35,3K-6K,6-10 years
47,Research & Development,Male,Single,Travel_Rarely,Medical,7,4,2,3,3,3,Yes,3445,4,22,0,3,3,1,4,3,21,Research Scientist,No,0,46-60,3K-6K,0-1 years
43,Research & Development,Female,Married,Travel_Frequently,Life Sciences,2,2,3,2,3,4,Yes,4479,3,8,10,7,4,5,3,4,23,Research Director,No,0,36-45,3K-6K,6-10 years
52,Research & Development,Female,Single,Travel_Rarely,Life Sciences,4,2,4,1,3,2,Yes,5954,1,0,2,0,1,4,6,3,23,Laboratory Technician,No,0,46-60,3K-6K,2-5 years
43,Research & Development,Male,Single,Travel_Rarely,Life Sciences,7,2,3,4,3,2,Yes,9045,4,4,6,9,6,8,3,3,15,Manufacturing Director,No,0,36-45,6K-10K,6-10 years
22,Research & Development,Male,Married,Non-Travel,Medical,10,1,2,4,4,4,No,2304,4,17,0,10,0,4,4,3,12,Research Scientist,No,0,18-25,< 3K,0-1 years
35,Research & Development,Male,Single,Non-Travel,Technical Degree,5,1,3,2,3,3,No,5175,4,28,14,4,2,2,3,3,18,Research Director,No,0,26-35,3K-6K,10+ years
25,Sales,Male,Single,Travel_Rarely,Marketing,1,1,1,4,3,3,Yes,7691,3,11,6,6,6,0,6,3,22,Sales Representative,No,0,18-25,6K-10K,6-10 years
31,Sales,Male,Married,Travel_Rarely,Medical,5,3,1,1,3,3,Yes,3128,1,6,7,7,1,0,2,3,24,Sales Manager,No,0,26-35,3K-6K,6-10 years
50,Research & Development,Female,Single,Travel_Frequently,Life Sciences,25,1,1,4,3,3,No,4677,1,30,11,0,0,1,5,4,12,Healthcare Representative,No,0,46-60,3K-6K,10+ years
42,Research & Development,Female,Divorced,Travel_Rarely,Technical Degree,11,2,1,4,3,3,Yes,6721,0,14,0,2,1,2,4,3,11,Research Scientist,No,0,36-45,6K-10K,0-1 years
30,Research & Development,Male,Divorced,Travel_Rarely,Life Sciences,9,3,4,2,3,3,No,5232,3,1,2,5,7,6,3,3,13,Healthcare Representative,No,0,26-35,3K-6K,2-5 years
27,Sales,Female,Married,Travel_Rarely,Life Sciences,4,2,2,3,1,3,Yes,7534,0,10,7,12,0,3,2,3,19,Sales Representative,No,0,26-35,6K-10K,6-10 years
36,Research & Development,Male,Divorced,Non-Travel,Technical Degree,6,1,1,4,3,2,No,5478,2,19,0,0,3,1,4,3,13,Manufacturing Director,No,0,36-45,3K-6K,0-1 years
25,Research & Development,Male,Divorced,Non-Travel,Life Sciences,1,2,3,2,2,2,No,4380,4,10,0,11,1,0,4,3,25,Manufacturing Director,No,0,18-25,3K-6K,0-1 years
30,Research & Development,Female,Single,Travel_Rarely,Life Sciences,4,1,2,2,3,3,Yes,2728,1,17,1,3,2,1,1,3,16,Healthcare Representative,No,0,26-35,< 3K,0-1 years
39,Research & Development,Male,Married,Travel_Rarely,Life Sciences,10,5,2,3,2,4,No,5957,5,0,0,4,1,2,4,3,23,Laboratory Technician,No,0,36-45,3K-6K,0-1 years
46,Research & Development,Male,Single,Travel_Rarely,Medical,9,3,2,1,1,3,No,5494,2,0,4,9,5,1,2,3,15,Research Director,No,0,46-60,3K-6K,2-5 years
41,Sales,Male,Married,Travel_Rarely,Life Sciences,5,3,1,1,1,3,No,3012,3,5,9,12,3,7,3,3,14,Sales Representative,No,0,36-45,3K-6K,6-10 years
18,Research & Development,Male,Married,Travel_Frequently,Medical,7,2,3,2,2,3,No,7162,1,9,10,6,6,9,3,3,12,Healthcare Representative,No,0,18-25,6K-10K,6-10 years
39,Sales,Male,Single,Travel_Rarely,Medical,8,3,1,4,1,2,No,10444,2,14,17,9,6,0,7,3,14,Sales Representative,No,0,36-45,10K+,10+ years
37,Research & Development,Female,Single,Travel_Rarely,Life Sciences,5,3,2,2,2,3,No,3617,2,16,6,0,3,8,1,3,22,Manufacturing Director,No,0,36-45,3K-6K,6-10 years
40,Sales,Female,Divorced,Travel_Rarely,Life Sciences,11,1,2,3,3,2,No,3485,2,31,7,2,1,7,2,3,22,Sales Representative,No,0,36-45,3K-6K,6-10 years
51,Sales,Female,Single,Travel_Rarely,Technical Degree,9,1,2,1,3,3,Yes,3416,3,5,6,0,4,5,0,4,21,Sales Representative,No,0,46-60,3K-6K,6-10 years
18,Human Resources,Female,Single,Travel_Frequently,Life Sciences,6,1,1,1,4,2,No,2066,2,8,8,2,4,10,2,3,12,HR Manager,Yes,1,18-25,< 3K,6-10 years
31,Research & Development,Male,Single,Travel_Rarely,Marketing,3,2,2,3,3,3,No,15660,1,5,8,6,0,3,2,3,15,Laboratory Technician,No,0,26-35,10K+,6-10 years
41,Research & Development,Female,Married,Travel_Frequently,Medical,5,4,2,1,2,3,Yes,4062,3,20,12,5,3,6,1,4,19,Laboratory Technician,No,0,36-45,3K-6K,10+ years
22,Research & Development,Male,Divorced,Travel_Rarely,Life Sciences,5,2,1,3,3,4,No,3243,2,20,12,11,2,4,6,3,25,Research Director,No,0,18-25,3K-6K,10+ years
49,Research & Development,Male,Married,Travel_Rarely,Medical,5,2,4,2,3,3,Yes,2798,3,7,9,12,1,4,4,3,14,Research Director,No,0,46-60,< 3K,6-10 years
39,Research & Development,Female,Married,Travel_Rarely,Medical,2,4,2,3,3,4,No,4201,2,28,15,3,0,6,6,3,13,Laboratory Technician,No,0,36-45,3K-6K,10+ years
44,Human Resources,Male,Single,Travel_Rarely,Medical,20,1,1,2,3,3,Yes,3548,1,5,6,1,1,4,0,3,23,Human Resources,No,0,36-45,3K-6K,6-10 years
31,Human Resources,Male,Single,Travel_Rarely,Technical Degree,20,1,3,4,3,3,Yes,11468,1,19,2,9,6,6,2,3,18,HR Manager,No,0,26-35,10K+,2-5 years
43,Research & Development,Male,Married,Travel_Rarely,Human Resources,7,4,1,1,3,2,No,2617,3,23,3,9,1,1,6,4,16,Research Director,No,0,36-45,< 3K,2-5 years
46,Research & Development,Male,Divorced,Travel_Rarely,Marketing,10,4,4,4,3,1,No,2231,7,0,5,6,6,1,3,3,16,Research Director,No,0,46-60,< 3K,2-5 years
38,Sales,Male,Married,Travel_Frequently,Medical,11,2,1,2,3,2,Yes,7044,1,16,0,7,3,1,1,4,17,Sales Executive,No,0,36-45,6K-10K,0-1 years
38,Sales,Male,Married,Travel_Rarely,Medical,7,1,3,1,2,2,Yes,4902,1,0,2,6,0,3,1,3,18,Sales Executive,No,0,36-45,3K-6K,2-5 years
38,Research & Development,Female,Married,Travel_Rarely,Medical,10,5,4,3,4,3,No,4600,3,18,0,0,3,8,3,4,22,Manufacturing Director,No,0,36-45,3K-6K,0-1 years
28,Research & Development,Male,Married,Travel_Frequently,Life Sciences,12,3,1,2,4,3,No,7074,2,2,8,0,0,2,5,3,21,Research Scientist,No,0,26-35,6K-10K,6-10 years
35,Sales,Male,Married,Travel_Rarely,Technical Degree,9,2,2,3,2,3,Yes,5606,4,16,8,4,4,7,3,3,12,Sales Manager,No,0,26-35,3K-6K,6-10 years
35,Research & Development,Male,Married,Travel_Frequently,Technical Degree,14,1,3,4,3,3,No,5068,1,17,0,3,2,5,6,4,12,Laboratory Technician,No,0,26-35,3K-6K,0-1 years
39,Research & Development,Female,Married,Travel_Rarely,Life Sciences,5,2,4,4,3,3,No,2400,2,20,2,5,5,2,1,3,20,Laboratory Technician,No,0,36-45,< 3K,2-5 years
45,Human Resources,Male,Married,Travel_Rarely,Human Resources,8,3,2,3,3,2,No,2078,2,18,17,3,7,9,2,3,23,HR Manager,No,0,36-45,< 3K,10+ years
26,Human Resources,Male,Divorced,Travel_Rarely,Technical Degree,29,3,3,4,1,3,No,3538,1,11,10,0,0,7,2,3,25,HR Manager,No,0,26-35,3K-6K,6-10 years
35,Sales,Male,Married,Travel_Frequently,Medical,16,2,1,3,3,3,No,2864,2,8,9,0,1,4,1,3,24,Sales Manager,No,0,26-35,< 3K,6-10 years
49,Sales,Female,Single,Travel_Rarely,Human Resources,9,2,3,1,3,3,No,6030,2,10,2,7,0,4,1,3,20,Sales Representative,No,0,46-60,6K-10K,2-5 years
29,Research & Development,Female,Single,Travel_Rarely,Life Sciences,4,3,2,4,2,2,Yes,1934,2,2,8,1,9,4,4,3,14,Healthcare Representative,No,0,26-35,< 3K,6-10 years
29,Research & Development,Male,Married,Non-Travel,Life Sciences,8,2,3,2,3,4,No,4066,3,9,6,3,1,0,1,3,12,Manufacturing Director,No,0,26-35,3K-6K,6-10 years
38,Research & Development,Female,Married,Travel_Rarely,Life Sciences,15,2,1,1,3,3,No,4728,4,9,1,2,0,1,6,3,22,Research Scientist,No,0,36-45,3K-6K,0-1 years
44,Research & Development,Male,Married,Travel_Frequently,Medical,13,1,3,1,1,3,No,5088,3,5,3,0,9,6,3,3,24,Healthcare Representative,No,0,36-45,3K-6K,2-5 years
36,Research & Development,Male,Married,Travel_Frequently,Life Sciences,1,1,2,2,4,1,No,6476,0,0,3,0,0,0,1,3,17,Research Scientist,No,0,36-45,6K-10K,2-5 years
48,Research & Development,Male,Single,Non-Travel,Other,2,3,3,2,2,2,No,4345,2,1,0,8,0,1,3,3,12,Research Scientist,No,0,46-60,3K-6K,0-1 years
44,Research & Development,Male,Married,Non-Travel,Life Sciences,2,1,4,2,3,3,No,3602,1,0,0,3,0,2,1,3,21,Laboratory Technician,No,0,36-45,3K-6K,0-1 years
44,Sales,Male,Married,Non-Travel,Life Sciences,11,1,4,3,3,4,Yes,10310,3,9,5,7,3,16,1,3,16,Sales Representative,No,0,36-45,10K+,2-5 years
41,Research & Development,Male,Married,Travel_Rarely,Medical,2,4,4,4,2,2,No,4361,1,14,1,7,3,7,3,3,20,Healthcare Representative,No,0,36-45,3K-6K,0-1 years
57,Research & Development,Male,Married,Travel_Frequently,Life Sciences,3,3,3,4,3,3,No,11350,1,0,4,5,0,8,2,3,13,Research Scientist,No,0,46-60,10K+,2-5 years
34,Research & Development,Male,Single,Travel_Frequently,Marketing,7,1,3,1,3,4,No,4349,1,13,0,7,1,1,5,3,16,Healthcare Representative,No,0,26-35,3K-6K,0-1 years
18,Research & Development,Male,Married,Travel_Rarely,Life Sciences,17,1,1,1,3,3,Yes,5154,3,10,11,4,3,5,4,3,21,Healthcare Representative,No,0,18-25,3K-6K,10+ years
50,Sales,Female,Divorced,Travel_Rarely,Other,12,3,4,3,3,3,Yes,4818,0,2,18,9,6,0,4,3,23,Sales Representative,No,0,46-60,3K-6K,10+ years
32,Research & Development,Female,Divorced,Non-Travel,Medical,6,2,3,1,4,3,Yes,5905,3,8,12,7,3,3,3,4,14,Healthcare Representative,No,0,26-35,3K-6K,10+ years
37,Research & Development,Male,Married,Travel_Rarely,Life Sciences,14,2,3,2,4,3,No,4128,2,19,13,8,1,6,3,3,22,Manufacturing Director,No,0,36-45,3K-6K,10+ years
48,Sales,Male,Single,Travel_Rarely,Life Sciences,29,2,3,3,2,4,No,5482,1,3,10,0,2,0,2,4,14,Sales Executive,No,0,46-60,3K-6K,6-10 years
22,Research & Development,Male,Married,Travel_Rarely,Life Sciences,8,1,4,4,3,2,No,12069,2,12,8,5,5,6,5,3,22,Research Scientist,No,0,18-25,10K+,6-10 years
25,Research & Development,Male,Married,Travel_Rarely,Other,2,3,4,2,3,4,No,9258,2,14,7,0,8,6,1,3,17,Research Scientist,No,0,18-25,6K-10K,6-10 years
22,Research & Development,Male,Married,Travel_Frequently,Medical,4,1,4,3,4,2,Yes,9293,0,4,1,10,0,2,5,3,21,Manufacturing Director,No,0,18-25,6K-10K,0-1 years
29,Research & Development,Male,Divorced,Travel_Rarely,Medical,3,2,3,3,3,4,No,2486,2,19,10,2,6,1,4,3,15,Healthcare Representative,No,0,26-35,< 3K,6-10 years
40,Sales,Female,Single,Travel_Rarely,Life Sciences,4,1,2,4,3,4,No,2717,2,14,10,2,2,1,3,4,12,Sales Executive,No,0,36-45,< 3K,6-10 years
41,Research & Development,Female,Single,Travel_Frequently,Technical Degree,6,1,4,2,4,4,Yes,5862,3,9,3,0,0,3,2,3,22,Research Scientist,No,0,36-45,3K-6K,2-5 years
38,Research & Development,Male,Single,Travel_Rarely,Life Sciences,10,1,3,4,3,4,No,7945,4,30,9,4,0,3,2,3,11,Healthcare Representative,No,0,36-45,6K-10K,6-10 years
23,Research & Development,Male,Single,Travel_Rarely,Medical,2,3,3,4,2,3,No,3908,3,19,2,3,7,6,2,3,18,Healthcare Representative,No,0,18-25,3K-6K,2-5 years
18,Research & Development,Female,Divorced,Travel_Rarely,Marketing,3,1,3,2,3,2,No,3543,3,0,2,11,7,2,4,3,11,Research Director,No,0,18-25,3K-6K,2-5 years
36,Research & Development,Male,Married,Travel_Frequently,Life Sciences,12,1,3,3,3,1,No,11193,1,8,11,7,1,10,5,3,19,Research Director,No,0,36-45,10K+,10+ years
32,Sales,Female,Single,Non-Travel,Medical,5,1,4,3,3,3,Yes,7583,2,31,9,2,2,10,3,3,12,Sales Manager,No,0,26-35,6K-10K,6-10 years
40,Research & Development,Male,Married,Travel_Rarely,Life Sciences,4,3,3,2,3,3,Yes,9305,4,3,5,0,0,5,5,4,13,Research Scientist,No,0,36-45,6K-10K,2-5 years
42,Research & Development,Male,Married,Travel_Rarely,Life Sciences,7,2,4,3,3,3,Yes,4079,2,12,4,0,5,3,4,3,25,Laboratory Technician,No,0,36-45,3K-6K,2-5 years
37,Research & Development,Male,Single,Travel_Rarely,Other,19,4,4,3,4,3,No,3907,2,21,7,0,2,2,5,3,24,Manufacturing Director,No,0,36-45,3K-6K,6-10 years
43,Research & Development,Male,Single,Travel_Rarely,Medical,13,2,3,4,2,3,No,8763,2,16,0,0,0,5,2,3,17,Healthcare Representative,No,0,36-45,6K-10K,0-1 years
38,Research & Development,Female,Married,Travel_Rarely,Technical Degree,13,2,1,1,3,4,No,4500,0,17,1,5,3,6,3,4,16,Research Director,No,0,36-45,3K-6K,0-1 years
41,Sales,Male,Single,Travel_Rarely,Medical,24,2,3,3,3,3,No,3716,1,17,0,3,0,3,4,4,21,Sales Manager,No,0,36-45,3K-6K,0-1 years
30,Sales,Female,Married,Travel_Rarely,Life Sciences,10,1,3,1,2,4,No,3147,3,11,6,4,4,2,3,4,16,Sales Manager,No,0,26-35,3K-6K,6-10 years
34,Research & Development,Male,Single,Travel_Rarely,Marketing,25,4,3,3,3,3,No,3925,0,5,13,0,0,5,4,3,13,Research Scientist,No,0,26-35,3K-6K,10+ years
38,Research & Development,Female,Married,Travel_Rarely,Medical,27,4,4,3,3,4,No,8414,4,14,9,5,4,4,4,3,14,Research Scientist,No,0,36-45,6K-10K,6-10 years
43,Sales,Female,Divorced,Travel_Frequently,Life Sciences,2,1,1,3,2,3,Yes,2267,5,8,3,0,1,2,3,3,20,Sales Representative,No,0,36-45,< 3K,2-5 years
32,Research & Development,Male,Single,Travel_Rarely,Medical,2,2,2,3,4,2,No,7350,1,7,2,4,0,4,2,3,25,Research Director,No,0,26-35,6K-10K,2-5 years
41,Research & Development,Male,Single,Travel_Rarely,Medical,3,1,4,2,3,1,No,3522,1,23,1,7,5,2,8,3,20,Laboratory Technician,Yes,1,36-45,3K-6K,0-1 years
34,Research & Development,Female,Divorced,Travel_Rarely,Marketing,18,2,4,2,2,4,No,4632,3,8,18,3,6,1,2,4,20,Laboratory Technician,No,0,26-35,3K-6K,10+ years
35,Sales,Male,Married,Travel_Frequently,Life Sciences,7,3,3,4,2,3,No,4798,3,25,6,6,1,4,0,3,22,Sales Executive,No,0,26-35,3K-6K,6-10 years
43,Sales,Female,Married,Travel_Rarely,Technical Degree,6,4,2,1,3,4,No,4605,3,13,7,0,3,2,3,3,11,Sales Manager,No,0,36-45,3K-6K,6-10 years
18,Research & Development,Male,Single,Travel_Rarely,Life Sciences,14,1,3,4,4,4,No,4440,6,10,0,0,4,1,2,3,20,Healthcare Representative,No,0,18-25,3K-6K,0-1 years
24,Human Resources,Male,Single,Travel_Rarely,Life Sciences,5,3,3,3,3,3,Yes,4073,0,0,0,5,4,8,1,3,13,Human Resources,No,0,18-25,3K-6K,0-1 years
23,Research & Development,Male,Married,Travel_Rarely,Life Sciences,9,3,3,4,1,3,No,3798,6,28,6,8,8,2,3,4,17,Research Scientist,No,0,18-25,3K-6K,6-10 years
18,Research & Development,Female,Divorced,Non-Travel,Marketing,12,1,2,2,2,4,Yes,10746,1,11,3,3,4,11,6,3,18,Laboratory Technician,No,0,18-25,10K+,2-5 years
30,Research & Development,Female,Single,Travel_Rarely,Life Sciences,4,2,2,3,3,4,Yes,5272,3,0,7,13,1,7,2,3,21,Laboratory Technician,No,0,26-35,3K-6K,6-10 years
43,Research & Development,Male,Married,Travel_Rarely,Medical,3,2,3,1,3,3,Yes,4852,2,19,7,0,4,1,3,3,13,Manufacturing Director,No,0,36-45,3K-6K,6-10 years
33,Research & Development,Female,Married,Travel_Frequently,Life Sciences,8,3,3,4,3,1,No,3648,4,11,10,1,1,9,4,3,25,Laboratory Technician,No,0,26-35,3K-6K,6-10 years
38,Research & Development,Female,Single,Travel_Rarely,Medical,9,5,3,3,2,1,No,4155,1,4,0,5,0,1,3,3,20,Research Scientist,No,0,36-45,3K-6K,0-1 years
46,Research & Development,Male,Single,Travel_Rarely,Marketing,14,1,2,3,3,3,No,3655,2,18,0,6,6,12,4,3,16,Research Director,No,0,46-60,3K-6K,0-1 years
48,Sales,Male,Single,Travel_Rarely,Life Sciences,3,1,2,4,3,4,No,7922,1,0,5,2,4,5,4,3,15,Sales Representative,No,0,46-60,6K-10K,2-5 years
35,Research & Development,Female,Married,Travel_Rarely,Other,4,1,2,2,3,4,Yes,3436,0,5,2,0,0,6,5,3,12,Laboratory Technician,No,0,26-35,3K-6K,2-5 years
48,Research & Development,Female,Married,Travel_Frequently,Life Sciences,27,1,4,3,2,3,No,1512,1,9,4,6,0,4,3,3,16,Laboratory Technician,No,0,46-60,< 3K,2-5 years
37,Research & Development,Male,Married,Travel_Frequently,Life Sciences,16,2,2,4,3,3,No,5369,4,18,7,5,5,5,1,3,12,Healthcare Representative,No,0,36-45,3K-6K,6-10 years
28,Research & Development,Female,Single,Non-Travel,Medical,7,4,3,1,3,3,No,4459,0,29,2,3,0,3,5,4,22,Research Director,No,0,26-35,3K-6K,2-5 years
31,Sales,Male,Married,Travel_Frequently,Medical,18,2,3,4,3,4,No,3768,2,9,7,6,0,0,2,3,22,Sales Representative,No,0,26-35,3K-6K,6-10 years
23,Sales,Female,Married,Travel_Rarely,Life Sciences,3,2,4,4,2,3,No,8585,2,15,9,3,10,5,3,3,18,Sales Representative,No,0,18-25,6K-10K,6-10 years
28,Sales,Female,Married,Travel_Rarely,Medical,7,1,2,4,2,2,No,1500,1,33,6,3,2,8,3,3,25,Sales Executive,No,0,26-35,< 3K,6-10 years
33,Research & Development,Female,Married,Travel_Rarely,Life Sciences,9,1,3,4,3,3,No,12374,1,11,10,3,6,0,6,3,12,Healthcare Representative,No,0,26-35,10K+,6-10 years
43,Research & Development,Male,Single,Non-Travel,Medical,6,3,4,2,2,3,Yes,9288,2,15,0,1,7,10,1,3,24,Healthcare Representative,No,0,36-45,6K-10K,0-1 years
51,Research & Development,Male,Married,Travel_Frequently,Medical,6,2,1,3,3,3,No,3681,1,1,2,0,0,6,2,3,16,Research Scientist,No,0,46-60,3K-6K,2-5 years
24,Research & Development,Male,Married,Travel_Rarely,Other,13,1,3,1,3,4,Yes,4058,2,27,11,2,3,2,4,4,22,Manufacturing Director,No,0,18-25,3K-6K,10+ years
40,Research & Development,Male,Married,Travel_Rarely,Medical,16,4,2,4,2,4,No,6862,2,5,1,4,9,2,2,3,24,Research Director,No,0,36-45,6K-10K,0-1 years
27,Research & Development,Female,Single,Travel_Frequently,Medical,5,2,4,1,3,2,No,6965,3,13,0,0,4,11,2,3,12,Laboratory Technician,No,0,26-35,6K-10K,0-1 years
40,Research & Development,Male,Married,Non-Travel,Medical,2,1,4,4,3,2,No,3669,4,13,5,8,10,8,5,4,23,Manufacturing Director,No,0,36-45,3K-6K,2-5 years
35,Research & Development,Male,Married,Travel_Frequently,Life Sciences,2,2,1,2,2,3,No,2137,1,12,6,4,1,9,5,3,25,Healthcare Representative,No,0,26-35,< 3K,6-10 years
20,Research & Development,Male,Married,Travel_Rarely,Life Sciences,1,2,4,1,3,2,Yes,16630,4,8,3,0,8,3,2,3,22,Research Scientist,No,0,18-25,10K+,2-5 years
44,Sales,Male,Divorced,Travel_Rarely,Other,24,1,4,1,3,3,No,8798,6,13,17,10,3,6,1,3,13,Sales Representative,No,0,36-45,6K-10K,10+ years
31,Sales,Male,Divorced,Travel_Rarely,Life Sciences,13,3,3,4,4,1,No,5669,2,25,8,4,2,5,5,3,23,Sales Representative,No,0,26-35,3K-6K,6-10 years
31,Research & Development,Female,Single,Travel_Rarely,Marketing,11,2,2,1,2,1,No,5728,2,29,1,0,4,3,3,4,15,Manufacturing Director,No,0,26-35,3K-6K,0-1 years
26,Sales,Female,Married,Non-Travel,Life Sciences,5,2,1,1,4,4,No,7318,1,10,0,10,2,4,3,3,12,Sales Executive,No,0,26-35,6K-10K,0-1 years
30,Research & Development,Male,Married,Travel_Rarely,Marketing,5,3,3,1,3,2,Yes,7817,0,7,8,9,2,8,4,3,20,Research Director,No,0,26-35,6K-10K,6-10 years
40,Sales,Female,Divorced,Travel_Rarely,Life Sciences,16,2,3,2,2,4,Yes,1651,1,5,0,0,4,10,1,3,12,Sales Executive,No,0,36-45,< 3K,0-1 years
34,Human Resources,Female,Single,Travel_Rarely,Other,2,2,4,4,3,3,No,4287,3,32,19,3,0,3,3,4,19,HR Manager,No,0,26-35,3K-6K,10+ years
39,Research & Development,Male,Single,Travel_Rarely,Medical,6,1,2,3,3,3,No,4049,2,12,9,2,0,0,5,3,11,Laboratory Technician,No,0,36-45,3K-6K,6-10 years
39,Sales,Female,Married,Travel_Rarely,Life Sciences,18,1,3,2,3,2,Yes,4758,3,20,9,0,5,11,3,4,22,Sales Manager,No,0,36-45,3K-6K,6-10 years
48,Human Resources,Male,Single,Travel_Rarely,Medical,6,2,2,1,3,1,No,7945,2,17,7,5,5,11,2,3,12,Human Resources,No,0,46-60,6K-10K,6-10 years
33,Sales,Male,Married,Travel_Frequently,Medical,13,1,3,1,4,3,Yes,1943,2,29,13,7,4,6,2,4,21,Sales Representative,No,0,26-35,< 3K,10+ years
23,Human Resources,Male,Married,Travel_Rarely,Life Sciences,7,2,1,2,3,4,No,2476,2,9,0,7,3,11,1,3,23,Human Resources,No,0,18-25,< 3K,0-1 years
46,Research & Development,Male,Single,Travel_Rarely,Life Sciences,1,1,2,1,4,4,No,3574,0,2,0,4,4,5,5,4,12,Manufacturing Director,No,0,46-60,3K-6K,0-1 years
33,Research & Development,Female,Married,Travel_Rarely,Marketing,7,1,1,1,4,1,No,5661,4,26,12,8,5,0,2,3,11,Healthcare Representative,No,0,26-35,3K-6K,10+ years
46,Sales,Female,Divorced,Travel_Rarely,Marketing,8,2,3,1,3,1,No,8218,3,18,15,0,0,0,3,3,24,Sales Representative,No,0,46-60,6K-10K,10+ years
39,Research & Development,Female,Divorced,Travel_Rarely,Life Sciences,7,1,2,2,3,2,Yes,12755,4,15,0,11,1,0,4,3,17,Research Scientist,No,0,36-45,10K+,0-1 years
35,Research & Development,Male,Married,Travel_Frequently,Technical Degree,3,2,4,4,3,3,No,4442,4,23,0,1,2,4,0,3,18,Research Scientist,No,0,26-35,3K-6K,0-1 years
39,Research & Development,Male,Single,Travel_Rarely,Life Sciences,7,3,1,1,4,2,No,8211,1,15,7,1,3,2,7,3,14,Research Scientist,No,0,36-45,6K-10K,6-10 years
54,Research & Development,Female,Single,Non-Travel,Life Sciences,1,1,3,3,3,2,Yes,7685,5,24,9,2,0,2,2,3,18,Research Director,No,0,46-60,6K-10K,6-10 years
55,Research & Development,Male,Divorced,Travel_Rarely,Medical,6,1,3,3,1,4,No,7005,1,13,7,1,0,4,8,3,23,Research Scientist,No,0,46-60,6K-10K,6-10 years
37,Sales,Male,Married,Travel_Rarely,Life Sciences,13,2,1,4,3,4,Yes,5131,1,18,6,3,2,7,6,3,23,Sales Executive,No,0,36-45,3K-6K,6-10 years
37,Research & Development,Male,Married,Travel_Rarely,Life Sciences,23,1,1,1,2,3,No,4174,3,15,0,3,6,2,6,3,23,Manufacturing Director,No,0,36-45,3K-6K,0-1 years
46,Sales,Male,Divorced,Travel_Rarely,Medical,20,2,2,4,4,2,No,2894,4,8,4,5,1,1,1,3,15,Sales Executive,No,0,46-60,< 3K,2-5 years
28,Sales,Male,Single,Travel_Frequently,Life Sciences,3,3,3,4,3,3,Yes,2791,2,9,5,1,0,2,6,3,22,Sales Executive,Yes,1,26-35,< 3K,2-5 years
39,Research & Development,Male,Married,Travel_Rarely,Life Sciences,2,2,4,4,3,2,No,6294,5,8,3,5,4,8,3,3,17,Research Scientist,No,0,36-45,6K-10K,2-5 years
36,Research & Development,Male,Single,Travel_Rarely,Medical,9,2,1,4,2,3,No,5047,1,13,0,0,2,4,0,3,16,Research Scientist,No,0,36-45,3K-6K,0-1 years
39,Research & Development,Male,Single,Travel_Rarely,Medical,8,4,4,1,3,3,No,4138,2,7,10,7,5,5,2,3,15,Manufacturing Director,No,0,36-45,3K-6K,6-10 years
28,Human Resources,Male,Married,Travel_Frequently,Technical Degree,12,1,3,4,2,2,No,7496,2,14,11,7,2,10,1,4,24,Human Resources,No,0,26-35,6K-10K,10+ years
22,Sales,Male,Married,Travel_Rarely,Medical,5,4,3,4,3,4,No,4657,4,14,1,4,0,15,2,3,13,Sales Executive,No,0,18-25,3K-6K,0-1 years
18,Research & Development,Male,Divorced,Travel_Frequently,Medical,8,3,3,2,3,3,No,3147,2,13,5,1,7,7,2,3,24,Research Director,No,0,18-25,3K-6K,2-5 years
26,Research & Development,Female,Married,Travel_Rarely,Life Sciences,8,2,4,1,3,4,Yes,4491,2,13,3,5,6,6,3,3,24,Research Director,No,0,26-35,3K-6K,2-5 years
32,Research & Development,Male,Divorced,Travel_Frequently,Marketing,6,1,3,4,2,1,No,8166,3,6,3,0,0,0,3,3,20,Research Scientist,No,0,26-35,6K-10K,2-5 years
33,Research & Development,Female,Married,Travel_Rarely,Life Sciences,1,1,4,1,3,3,Yes,2962,3,9,9,4,4,5,6,3,11,Research Director,No,0,26-35,< 3K,6-10 years
53,Sales,Female,Married,Travel_Rarely,Life Sciences,13,4,2,4,3,1,Yes,5834,0,0,9,3,2,4,3,3,20,Sales Executive,No,0,46-60,3K-6K,6-10 years
46,Sales,Male,Divorced,Non-Travel,Technical Degree,9,1,4,2,4,3,No,5044,1,10,12,15,4,8,2,3,12,Sales Representative,No,0,46-60,3K-6K,10+ years
27,Research & Development,Female,Married,Travel_Rarely,Marketing,14,4,4,4,4,1,Yes,3422,1,3,12,0,0,2,2,3,16,Manufacturing Director,No,0,26-35,3K-6K,10+ years
39,Sales,Female,Married,Travel_Rarely,Medical,16,2,4,1,3,3,No,4425,4,12,5,0,5,5,4,4,12,Sales Representative,No,0,36-45,3K-6K,2-5 years
32,Research & Development,Male,Single,Travel_Rarely,Life Sciences,7,2,2,4,2,4,No,2191,1,5,23,1,6,6,1,4,22,Manufacturing Director,No,0,26-35,< 3K,10+ years
33,Sales,Male,Single,Travel_Rarely,Life Sciences,13,2,4,3,1,3,Yes,5523,1,0,15,0,0,12,1,4,18,Sales Manager,Yes,1,26-35,3K-6K,10+ years
38,Research & Development,Male,Divorced,Travel_Rarely,Medical,23,1,1,4,4,3,No,2455,2,29,2,1,3,10,4,3,25,Research Scientist,No,0,36-45,< 3K,2-5 years
42,Research & Development,Female,Married,Travel_Rarely,Marketing,28,2,3,1,4,3,No,9379,3,9,7,0,6,9,3,3,21,Manufacturing Director,No,0,36-45,6K-10K,6-10 years
33,Sales,Female,Married,Travel_Frequently,Medical,10,4,2,1,2,3,No,4944,3,23,0,0,0,7,4,4,15,Sales Manager,No,0,26-35,3K-6K,0-1 years
46,Research & Development,Female,Single,Travel_Frequently,Life Sciences,10,1,3,1,3,3,No,3797,5,7,6,0,0,2,4,3,22,Manufacturing Director,Yes,1,46-60,3K-6K,6-10 years
26,Sales,Female,Married,Travel_Rarely,Life Sciences,10,4,3,1,3,3,No,9845,3,25,16,8,4,7,3,3,15,Sales Manager,No,0,26-35,6K-10K,10+ years
36,Human Resources,Male,Married,Travel_Rarely,Medical,12,5,1,4,2,1,No,2948,2,2,23,4,2,1,1,4,15,Human Resources,No,0,36-45,< 3K,10+ years
59,Research & Development,Female,Single,Travel_Frequently,Medical,16,1,2,1,4,3,No,3447,2,12,5,8,0,3,3,3,14,Manufacturing Director,No,0,46-60,3K-6K,2-5 years
38,Research & Development,Male,Married,Travel_Rarely,Life Sciences,10,2,1,2,4,1,Yes,1901,2,2,8,4,2,11,2,3,21,Research Scientist,No,0,36-45,< 3K,6-10 years
49,Sales,Female,Married,Travel_Rarely,Life Sciences,27,1,3,4,4,3,No,10685,1,32,10,8,8,6,3,3,25,Sales Representative,No,0,46-60,10K+,6-10 years
37,Research & Development,Male,Divorced,Travel_Rarely,Life Sciences,25,2,4,2,2,3,Yes,14567,0,9,18,3,9,5,2,3,23,Laboratory Technician,No,0,36-45,10K+,10+ years
41,Research & Development,Male,Single,Travel_Rarely,Life Sciences,8,5,4,2,3,2,Yes,2071,0,18,0,10,1,5,2,3,19,Healthcare Representative,No,0,36-45,< 3K,0-1 years
35,Research & Development,Female,Married,Travel_Rarely,Medical,8,4,4,3,4,4,Yes,3320,0,15,22,6,0,4,1,3,11,Healthcare Representative,No,0,26-35,3K-6K,10+ years
34,Sales,Female,Single,Travel_Frequently,Life Sciences,5,4,4,2,3,3,No,5404,1,11,4,1,1,0,6,3,25,Sales Executive,No,0,26-35,3K-6K,2-5 years
29,Research & Development,Female,Married,Non-Travel,Medical,12,1,2,4,3,3,No,3916,1,15,0,6,8,0,3,3,16,Laboratory Technician,Yes,1,26-35,3K-6K,0-1 years
40,Research & Development,Male,Married,Travel_Rarely,Marketing,6,2,3,3,3,4,No,5111,1,22,4,4,5,6,3,3,20,Research Director,No,0,36-45,3K-6K,2-5 years
28,Sales,Male,Married,Travel_Rarely,Other,5,1,3,2,1,2,No,4874,3,16,1,3,7,0,3,4,17,Sales Executive,No,0,26-35,3K-6K,0-1 years
42,Research & Development,Female,Single,Travel_Rarely,Other,12,4,1,3,3,2,No,6507,2,12,9,4,5,4,3,3,15,Research Scientist,No,0,36-45,6K-10K,6-10 years
46,Sales,Male,Divorced,Travel_Rarely,Life Sciences,3,1,3,4,4,2,No,3065,0,15,0,7,0,0,4,3,15,Sales Manager,No,0,46-60,3K-6K,0-1 years
39,Research & Development,Male,Single,Travel_Frequently,Life Sciences,16,1,4,2,1,3,No,5781,1,26,7,0,0,1,4,3,19,Manufacturing Director,No,0,36-45,3K-6K,6-10 years
33,Human Resources,Male,Married,Travel_Rarely,Life Sciences,12,1,3,4,2,2,No,2815,1,8,10,3,0,4,1,3,17,HR Manager,No,0,26-35,< 3K,6-10 years
40,Sales,Male,Divorced,Non-Travel,Medical,24,1,4,2,3,4,Yes,4146,3,0,15,7,1,8,6,3,13,Sales Executive,No,0,36-45,3K-6K,10+ years
33,Research & Development,Male,Married,Travel_Rarely,Life Sciences,10,1,1,3,3,3,No,2001,1,2,10,5,0,8,2,3,16,Manufacturing Director,No,0,26-35,< 3K,6-10 years
44,Sales,Male,Divorced,Travel_Rarely,Life Sciences,14,1,4,4,2,3,No,4163,1,3,15,0,1,1,0,3,17,Sales Representative,No,0,36-45,3K-6K,10+ years
20,Research & Development,Female,Married,Travel_Rarely,Life Sciences,15,3,2,1,1,3,No,3795,3,4,2,0,4,5,3,3,20,Laboratory Technician,No,0,18-25,3K-6K,2-5 years
33,Research & Development,Female,Divorced,Travel_Rarely,Life Sciences,19,3,4,3,3,3,Yes,8738,2,4,8,11,3,0,3,3,17,Research Director,No,0,26-35,6K-10K,6-10 years
18,Research & Development,Female,Married,Travel_Frequently,Medical,9,1,2,1,2,3,No,5033,2,11,0,3,6,4,3,3,13,Research Director,No,0,18-25,3K-6K,0-1 years
23,Sales,Male,Married,Travel_Rarely,Medical,5,3,3,4,3,3,No,5562,0,13,5,10,3,8,4,3,19,Sales Representative,No,0,18-25,3K-6K,2-5 years
48,Research & Development,Male,Single,Travel_Rarely,Medical,10,2,3,3,3,3,Yes,5136,2,13,8,7,0,4,5,3,23,Laboratory Technician,No,0,46-60,3K-6K,6-10 years
44,Research & Development,Female,Married,Travel_Rarely,Human Resources,16,3,2,2,3,3,No,1612,3,5,9,1,3,9,2,3,16,Laboratory Technician,No,0,36-45,< 3K,6-10 years
30,Research & Development,Female,Single,Travel_Rarely,Life Sciences,18,1,2,1,3,3,No,1734,2,19,0,0,0,7,2,4,20,Research Scientist,No,0,26-35,< 3K,0-1 years
22,Research & Development,Male,Divorced,Travel_Frequently,Life Sciences,1,2,2,4,3,3,No,4364,0,15,4,2,0,5,4,4,17,Healthcare Representative,No,0,18-25,3K-6K,2-5 years
18,Research & Development,Female,Single,Travel_Rarely,Life Sciences,29,2,3,2,3,3,No,6061,4,24,4,4,4,3,0,3,15,Research Director,No,0,18-25,6K-10K,2-5 years
31,Research & Development,Female,Single,Travel_Rarely,Medical,5,1,4,2,3,3,No,4570,0,18,3,6,6,2,3,3,24,Research Director,No,0,26-35,3K-6K,2-5 years
58,Research & Development,Female,Divorced,Travel_Rarely,Medical,14,2,2,1,3,3,No,3233,1,8,10,0,3,0,4,3,25,Research Director,No,0,46-60,3K-6K,6-10 years
40,Research & Development,Female,Single,Travel_Rarely,Life Sciences,21,3,3,3,3,2,No,4556,1,21,5,5,1,0,3,3,13,Research Scientist,No,0,36-45,3K-6K,2-5 years
31,Research & Development,Male,Married,Travel_Rarely,Other,8,3,4,2,3,3,No,4344,3,13,7,5,0,8,1,3,20,Healthcare Representative,No,0,26-35,3K-6K,6-10 years
40,Research & Development,Male,Married,Travel_Rarely,Life Sciences,18,1,3,4,3,1,No,7981,1,17,3,8,6,10,2,3,24,Laboratory Technician,No,0,36-45,6K-10K,2-5 years
22,Sales,Male,Single,Travel_Rarely,Life Sciences,1,2,4,3,3,4,No,7739,4,17,12,3,4,0,3,3,19,Sales Executive,No,0,18-25,6K-10K,10+ years
33,Research & Development,Male,Single,Travel_Rarely,Medical,19,3,3,1,2,2,Yes,3835,2,10,13,6,3,4,4,3,19,Manufacturing Director,No,0,26-35,3K-6K,10+ years
37,Research & Development,Female,Married,Travel_Rarely,Other,17,1,3,3,3,3,Yes,5059,2,12,4,5,2,0,4,3,25,Healthcare Representative,No,0,36-45,3K-6K,2-5 years
35,Research & Development,Female,Single,Non-Travel,Medical,11,1,1,2,2,2,Yes,6053,2,10,23,8,1,0,4,3,20,Healthcare Representative,No,0,26-35,6K-10K,10+ years
43,Research & Development,Male,Single,Travel_Rarely,Other,16,1,1,1,4,2,No,6568,0,4,1,1,0,5,1,3,23,Manufacturing Director,No,0,36-45,6K-10K,0-1 years
39,Research & Development,Female,Single,Travel_Rarely,Life Sciences,25,1,3,3,3,3,No,12905,2,0,12,0,3,2,2,3,12,Research Scientist,No,0,36-45,10K+,10+ years
42,Sales,Female,Married,Travel_Rarely,Medical,21,1,4,2,1,3,No,5120,2,5,0,3,1,0,5,3,19,Sales Executive,No,0,36-45,3K-6K,0-1 years
30,Research & Development,Female,Single,Travel_Rarely,Technical Degree,8,1,1,4,3,2,Yes,9889,6,13,11,3,1,11,5,3,13,Research Scientist,No,0,26-35,6K-10K,10+ years
44,Research & Development,Male,Single,Travel_Frequently,Medical,10,2,4,3,3,2,No,2747,2,20,10,0,8,4,5,3,14,Healthcare Representative,No,0,36-45,< 3K,6-10 years
51,Research & Development,Female,Married,Travel_Rarely,Life Sciences,7,2,2,2,4,2,Yes,3662,3,17,0,0,2,0,0,4,21,Manufacturing Director,No,0,46-60,3K-6K,0-1 years
27,Research & Development,Male,Married,Travel_Rarely,Other,6,3,3,4,4,3,No,1606,6,9,5,2,0,5,1,3,24,Laboratory Technician,No,0,26-35,< 3K,2-5 years
28,Research & Development,Male,Single,Non-Travel,Life Sciences,15,2,4,3,4,4,Yes,5651,1,6,17,4,1,4,6,3,24,Healthcare Representative,No,0,26-35,3K-6K,10+ years
48,Research & Development,Male,Single,Travel_Frequently,Medical,7,2,4,1,3,3,No,7425,3,10,1,4,0,6,0,3,22,Laboratory Technician,No,0,46-60,6K-10K,0-1 years
34,Research & Development,Female,Divorced,Travel_Frequently,Technical Degree,15,4,3,3,4,3,No,1500,2,3,8,0,2,3,8,3,18,Laboratory Technician,No,0,26-35,< 3K,6-10 years
49,Research & Development,Female,Married,Travel_Rarely,Human Resources,8,3,2,4,3,3,No,5767,1,0,8,0,0,5,1,4,17,Research Director,No,0,46-60,3K-6K,6-10 years
32,Sales,Male,Married,Travel_Rarely,Other,9,2,1,3,4,3,Yes,7250,5,0,6,9,4,8,5,4,13,Sales Representative,No,0,26-35,6K-10K,6-10 years
49,Sales,Male,Married,Travel_Rarely,Technical Degree,4,1,2,3,2,4,Yes,7026,1,22,0,3,2,0,3,3,22,Sales Manager,No,0,46-60,6K-10K,0-1 years
37,Research & Development,Female,Single,Travel_Rarely,Life Sciences,15,2,4,3,4,1,No,2694,1,26,11,4,1,1,3,3,22,Research Director,No,0,36-45,< 3K,10+ years
38,Research & Development,Female,Divorced,Travel_Rarely,Human Resources,1,2,2,2,3,4,No,7956,5,17,6,0,3,7,4,3,12,Laboratory Technician,No,0,36-45,6K-10K,6-10 years
50,Sales,Male,Divorced,Travel_Frequently,Medical,19,2,3,1,2,3,No,5227,5,11,13,4,2,2,4,3,24,Sales Executive,No,0,46-60,3K-6K,10+ years
33,Research & Development,Female,Divorced,Travel_Rarely,Medical,29,3,2,3,4,3,No,7197,3,0,7,2,2,4,5,4,15,Healthcare Representative,No,0,26-35,6K-10K,6-10 years
28,Sales,Female,Single,Travel_Rarely,Life Sciences,9,4,3,4,3,4,No,4852,1,10,6,2,2,2,4,3,21,Sales Representative,No,0,26-35,3K-6K,6-10 years
32,Research & Development,Female,Single,Travel_Rarely,Technical Degree,9,4,2,4,4,3,No,6412,3,16,8,0,2,2,5,3,12,Research Director,No,0,26-35,6K-10K,6-10 years
40,Sales,Female,Single,Travel_Rarely,Medical,2,2,3,1,1,4,No,9571,6,18,0,1,4,2,2,3,13,Sales Executive,No,0,36-45,6K-10K,0-1 years
22,Human Resources,Female,Single,Travel_Rarely,Technical Degree,6,5,3,2,3,4,No,4648,3,17,15,12,3,0,5,3,20,HR Manager,No,0,18-25,3K-6K,10+ years
42,Research & Development,Female,Married,Travel_Frequently,Life Sciences,16,4,4,1,3,2,No,6079,3,21,4,3,6,6,7,4,17,Healthcare Representative,No,0,36-45,6K-10K,2-5 years
31,Research & Development,Female,Married,Travel_Rarely,Life Sciences,18,1,4,2,1,3,No,10340,2,27,4,7,1,8,2,3,11,Healthcare Representative,No,0,26-35,10K+,2-5 years
46,Research & Development,Male,Single,Travel_Frequently,Medical,10,2,3,3,3,4,No,4833,2,8,14,3,3,3,2,3,25,Healthcare Representative,No,0,46-60,3K-6K,10+ years
18,Research & Development,Male,Divorced,Travel_Rarely,Life Sciences,16,1,1,2,3,2,Yes,2800,2,33,7,3,10,8,1,3,24,Research Scientist,No,0,18-25,< 3K,6-10 years
29,Research & Development,Female,Single,Travel_Frequently,Medical,4,1,4,4,2,3,Yes,7542,1,0,5,1,2,2,5,3,13,Research Director,No,0,26-35,6K-10K,2-5 years
21,Human Resources,Male,Single,Travel_Rarely,Life Sciences,12,1,4,3,3,2,Yes,11448,1,5,8,9,2,2,4,3,20,Human Resources,No,0,18-25,10K+,6-10 years
29,Research & Development,Female,Divorced,Travel_Frequently,Medical,22,2,4,3,2,2,No,10564,3,13,10,5,0,6,4,3,13,Manufacturing Director,No,0,26-35,10K+,6-10 years
38,Research & Development,Male,Married,Travel_Frequently,Life Sciences,13,1,3,4,3,3,No,7705,2,15,5,1,0,6,3,3,21,Laboratory Technician,No,0,36-45,6K-10K,2-5 years
34,Sales,Male,Married,Travel_Rarely,Life Sciences,25,1,1,3,4,3,Yes,1500,1,10,12,2,2,4,3,3,21,Sales Executive,No,0,26-35,< 3K,10+ years
34,Research & Development,Male,Married,Travel_Rarely,Medical,25,1,4,4,3,3,Yes,3665,5,7,0,8,4,7,4,3,22,Laboratory Technician,No,0,26-35,3K-6K,0-1 years
35,Research & Development,Male,Single,Travel_Frequently,Life Sciences,12,2,2,4,3,3,No,3770,3,29,8,0,4,0,3,4,19,Manufacturing Director,No,0,26-35,3K-6K,6-10 years
38,Human Resources,Male,Single,Travel_Rarely,Life Sciences,1,4,2,3,3,2,No,5330,3,7,11,5,3,3,1,3,11,HR Manager,No,0,36-45,3K-6K,10+ years
27,Research & Development,Male,Married,Travel_Frequently,Life Sciences,18,5,2,2,2,3,Yes,13160,2,3,10,6,5,8,4,3,14,Laboratory Technician,No,0,26-35,10K+,6-10 years
42,Research & Development,Female,Married,Non-Travel,Life Sciences,3,2,3,2,4,2,Yes,2870,3,25,0,1,0,8,2,3,25,Research Director,No,0,36-45,< 3K,0-1 years
42,Research & Development,Male,Married,Travel_Frequently,Medical,1,1,2,4,2,2,No,17848,4,18,5,5,4,7,0,4,20,Healthcare Representative,No,0,36-45,10K+,2-5 years
39,Sales,Male,Single,Travel_Rarely,Life Sciences,1,3,3,1,3,3,No,4214,5,20,0,6,3,8,3,3,16,Sales Representative,No,0,36-45,3K-6K,0-1 years
41,Research & Development,Male,Married,Travel_Rarely,Life Sciences,19,1,3,4,2,3,No,3411,2,13,14,0,3,3,1,3,25,Research Director,No,0,36-45,3K-6K,10+ years
39,Research & Development,Male,Married,Non-Travel,Medical,12,5,3,2,3,2,Yes,8277,3,0,4,7,1,0,3,3,17,Research Director,No,0,36-45,6K-10K,2-5 years
54,Research & Development,Male,Single,Travel_Rarely,Medical,10,3,1,4,3,1,Yes,8645,2,12,13,5,0,3,4,3,23,Manufacturing Director,Yes,1,46-60,6K-10K,10+ years
35,Research & Development,Female,Single,Travel_Rarely,Medical,13,2,4,2,2,3,No,7434,1,0,0,3,0,7,2,3,23,Laboratory Technician,No,0,26-35,6K-10K,0-1 years
33,Sales,Female,Married,Travel_Rarely,Life Sciences,1,1,3,4,2,1,No,3406,2,13,8,4,3,7,4,3,11,Sales Representative,No,0,26-35,3K-6K,6-10 years
29,Research & Development,Male,Married,Travel_Frequently,Other,7,1,3,1,2,4,No,6854,4,16,6,7,4,2,2,3,24,Laboratory Technician,No,0,26-35,6K-10K,6-10 years
27,Human Resources,Male,Married,Travel_Rarely,Medical,5,2,3,2,2,3,No,2945,4,20,23,13,2,0,4,3,24,Human Resources,No,0,26-35,< 3K,10+ years
25,Research & Development,Male,Married,Travel_Rarely,Life Sciences,9,2,2,4,3,1,No,3354,2,10,13,6,2,1,8,4,25,Laboratory Technician,No,0,18-25,3K-6K,10+ years
28,Research & Development,Male,Married,Travel_Rarely,Human Resources,10,3,3,2,3,4,Yes,4936,2,17,13,7,0,2,4,3,20,Manufacturing Director,No,0,26-35,3K-6K,10+ years
35,Sales,Female,Single,Travel_Frequently,Medical,13,2,1,2,3,3,No,3312,2,4,18,5,4,0,3,3,21,Sales Manager,No,0,26-35,3K-6K,10+ years
39,Research & Development,Male,Married,Travel_Rarely,Medical,14,2,4,4,1,4,No,9278,2,19,8,12,3,2,5,4,15,Healthcare Representative,No,0,36-45,6K-10K,6-10 years
36,Research & Development,Female,Single,Travel_Frequently,Technical Degree,1,1,1,4,3,3,Yes,3784,3,16,5,0,1,4,2,3,13,Laboratory Technician,No,0,36-45,3K-6K,2-5 years
29,Sales,Male,Married,Travel_Frequently,Life Sciences,7,2,4,1,3,3,No,4606,1,5,5,0,5,4,4,3,12,Sales Manager,No,0,26-35,3K-6K,2-5 years
44,Research & Development,Male,Single,Non-Travel,Technical Degree,8,1,3,3,3,3,Yes,3204,3,15,8,5,4,3,3,3,13,Manufacturing Director,No,0,36-45,3K-6K,6-10 years
43,Research & Development,Male,Single,Travel_Frequently,Medical,3,2,1,2,2,3,No,9201,2,20,0,7,0,1,3,3,25,Research Director,No,0,36-45,6K-10K,0-1 years
35,Human Resources,Male,Married,Travel_Rarely,Life Sciences,2,2,3,2,3,3,Yes,3605,1,12,6,0,3,2,4,3,15,HR Manager,No,0,26-35,3K-6K,6-10 years
30,Research & Development,Female,Married,Travel_Rarely,Life Sciences,2,3,2,3,1,2,No,9745,1,4,7,4,0,2,3,3,11,Research Director,No,0,26-35,6K-10K,6-10 years
41,Research & Development,Male,Married,Travel_Rarely,Life Sciences,16,2,4,1,3,3,Yes,9359,1,12,5,3,3,7,2,3,21,Healthcare Representative,No,0,36-45,6K-10K,2-5 years
38,Research & Development,Female,Married,Non-Travel,Other,2,1,4,3,3,2,No,4069,3,15,0,7,0,4,2,3,13,Manufacturing Director,No,0,36-45,3K-6K,0-1 years
23,Research & Development,Female,Divorced,Travel_Rarely,Life Sciences,2,3,3,2,4,4,No,5286,2,4,5,6,3,17,2,3,18,Healthcare Representative,No,0,18-25,3K-6K,2-5 years
35,Research & Development,Male,Divorced,Travel_Rarely,Life Sciences,9,3,3,4,1,3,No,4007,0,3,0,0,5,3,1,3,21,Research Director,No,0,26-35,3K-6K,0-1 years
38,Sales,Male,Divorced,Travel_Frequently,Medical,12,3,4,3,2,4,No,7020,2,15,17,0,2,6,5,3,19,Sales Executive,No,0,36-45,6K-10K,10+ years
28,Research & Development,Male,Married,Travel_Rarely,Marketing,8,2,3,2,4,2,Yes,4673,2,18,4,1,0,3,4,3,22,Healthcare Representative,No,0,26-35,3K-6K,2-5 years
38,Sales,Male,Married,Travel_Frequently,Life Sciences,3,4,3,4,3,3,No,4133,3,28,0,7,8,3,2,4,11,Sales Manager,No,0,36-45,3K-6K,0-1 years
23,Research & Development,Female,Married,Travel_Rarely,Technical Degree,2,1,2,4,3,3,Yes,5334,0,16,5,5,6,10,3,3,14,Manufacturing Director,No,0,18-25,3K-6K,2-5 years
48,Research & Development,Male,Married,Travel_Rarely,Medical,9,2,2,2,3,3,No,2178,3,1,11,2,1,8,1,3,17,Manufacturing Director,No,0,46-60,< 3K,10+ years
47,Research & Development,Female,Married,Travel_Rarely,Technical Degree,8,3,4,4,1,4,Yes,4988,1,27,7,5,2,0,3,3,22,Research Scientist,No,0,46-60,3K-6K,6-10 years
34,Sales,Female,Married,Travel_Rarely,Life Sciences,6,1,3,2,3,3,No,7433,2,19,1,0,0,0,3,3,19,Sales Manager,No,0,26-35,6K-10K,0-1 years
39,Research & Development,Male,Single,Travel_Rarely,Life Sciences,15,3,4,2,4,3,No,5610,4,0,2,12,4,3,2,3,22,Research Director,No,0,36-45,3K-6K,2-5 years
18,Research & Development,Female,Single,Non-Travel,Medical,7,1,3,2,3,3,No,8776,0,3,4,6,0,2,1,4,22,Healthcare Representative,No,0,18-25,6K-10K,2-5 years
26,Sales,Male,Divorced,Travel_Rarely,Life Sciences,2,1,3,1,3,2,No,4226,2,7,3,7,4,0,2,3,23,Sales Manager,No,0,26-35,3K-6K,2-5 years
33,Research & Development,Female,Single,Travel_Rarely,Medical,6,1,3,3,4,3,Yes,4039,2,18,0,10,6,4,5,3,20,Research Scientist,No,0,26-35,3K-6K,0-1 years
26,Research & Development,Male,Married,Travel_Frequently,Life Sciences,12,3,4,3,3,3,No,2813,3,0,6,8,2,0,2,3,22,Manufacturing Director,No,0,26-35,< 3K,6-10 years
42,Sales,Female,Married,Travel_Frequently,Marketing,7,3,3,4,1,2,Yes,4160,3,10,0,4,0,5,3,3,21,Sales Manager,No,0,36-45,3K-6K,0-1 years
54,Research & Development,Female,Single,Travel_Rarely,Human Resources,12,1,4,2,3,3,No,15331,3,17,12,3,6,7,5,3,11,Laboratory Technician,No,0,46-60,10K+,10+ years
25,Research & Development,Female,Divorced,Non-Travel,Technical Degree,14,1,2,1,1,3,No,6051,3,0,12,9,3,7,1,3,15,Research Director,No,0,18-25,6K-10K,10+ years
28,Research & Development,Male,Single,Travel_Rarely,Other,7,1,3,2,2,2,No,3768,1,17,0,4,3,3,2,3,24,Research Scientist,Yes,1,26-35,3K-6K,0-1 years
38,Research & Development,Female,Divorced,Travel_Rarely,Human Resources,8,1,4,1,3,3,No,2990,1,18,2,1,0,10,1,3,12,Research Director,No,0,36-45,< 3K,2-5 years
51,Research & Development,Male,Married,Travel_Rarely,Medical,6,3,4,4,2,3,No,2159,1,4,3,12,3,5,5,3,19,Research Scientist,No,0,46-60,< 3K,2-5 years
25,Sales,Female,Single,Travel_Frequently,Life Sciences,13,1,2,4,1,3,Yes,3293,1,2,6,0,2,7,4,3,22,Sales Executive,No,0,18-25,3K-6K,6-10 years
38,Research & Development,Male,Single,Travel_Rarely,Human Resources,6,1,4,4,3,3,Yes,7895,0,4,8,0,0,1,5,3,17,Research Director,No,0,36-45,6K-10K,6-10 years
52,Sales,Male,Single,Travel_Rarely,Human Resources,12,1,2,4,2,3,No,4112,1,0,9,8,7,10,8,3,13,Sales Manager,No,0,46-60,3K-6K,6-10 years
21,Sales,Male,Married,Travel_Frequently,Other,10,2,1,2,3,3,No,3070,3,8,9,1,8,4,4,3,11,Sales Representative,No,0,18-25,3K-6K,6-10 years
24,Research & Development,Male,Single,Travel_Rarely,Marketing,1,2,4,1,2,1,No,3261,0,13,15,6,6,10,1,3,20,Laboratory Technician,No,0,18-25,3K-6K,10+ years
32,Sales,Male,Divorced,Travel_Rarely,Life Sciences,12,2,4,3,3,1,No,7433,3,1,6,11,5,9,3,3,19,Sales Representative,No,0,26-35,6K-10K,6-10 years
31,Sales,Female,Single,Travel_Frequently,Other,9,2,1,4,4,2,Yes,4973,1,19,0,0,8,5,1,3,21,Sales Executive,No,0,26-35,3K-6K,0-1 years
43,Human Resources,Male,Divorced,Travel_Rarely,Other,20,5,4,2,1,2,No,3683,1,12,0,4,0,6,3,3,13,Human Resources,No,0,36-45,3K-6K,0-1 years
38,Research & Development,Female,Single,Travel_Rarely,Medical,3,2,3,1,3,2,No,4389,1,13,16,10,0,3,3,3,18,Research Scientist,No,0,36-45,3K-6K,10+ years
20,Research & Development,Male,Divorced,Travel_Rarely,Technical Degree,10,3,4,3,2,3,No,17495,1,8,9,7,1,1,2,3,19,Healthcare Representative,No,0,18-25,10K+,6-10 years
41,Research & Development,Female,Single,Non-Travel,Medical,6,2,4,2,2,3,No,10170,2,17,7,3,3,6,5,3,23,Research Scientist,No,0,36-45,10K+,6-10 years
31,Research & Development,Female,Married,Travel_Rarely,Other,1,1,4,3,3,1,No,11663,6,21,9,14,2,6,4,3,13,Healthcare Representative,No,0,26-35,10K+,6-10 years
47,Research & Development,Male,Married,Travel_Rarely,Life Sciences,1,3,4,1,2,3,No,1984,2,8,7,4,0,0,5,3,21,Laboratory Technician,No,0,46-60,< 3K,6-10 years
30,Research & Development,Female,Single,Travel_Rarely,Technical Degree,22,2,4,3,1,2,No,4785,2,17,9,6,3,4,0,3,21,Research Director,No,0,26-35,3K-6K,6-10 years
30,Research & Development,Female,Divorced,Travel_Rarely,Life Sciences,10,2,3,2,3,3,No,3647,1,17,4,11,2,7,2,3,19,Healthcare Representative,No,0,26-35,3K-6K,2-5 years
41,Sales,Female,Single,Non-Travel,Life Sciences,7,1,2,4,3,4,No,7013,3,14,12,8,5,10,2,3,12,Sales Representative,No,0,36-45,6K-10K,10+ years
43,Research & Development,Male,Married,Travel_Rarely,Life Sciences,2,2,2,4,4,3,No,9314,2,24,3,9,3,7,7,3,12,Manufacturing Director,No,0,36-45,6K-10K,2-5 years
40,Research & Development,Male,Married,Travel_Rarely,Medical,21,4,4,1,4,1,No,6223,2,5,1,0,0,0,3,3,20,Laboratory Technician,No,0,36-45,6K-10K,0-1 years
21,Research & Development,Female,Married,Travel_Rarely,Life Sciences,4,1,1,4,3,3,No,3218,0,8,0,9,4,0,2,3,20,Research Scientist,No,0,18-25,3K-6K,0-1 years
41,Research & Development,Male,Single,Travel_Rarely,Other,10,1,4,4,2,3,Yes,3615,2,5,5,5,7,3,4,3,20,Research Scientist,No,0,36-45,3K-6K,2-5 years
27,Research & Development,Female,Single,Travel_Rarely,Medical,9,1,2,3,1,2,No,7315,3,17,14,1,3,10,1,3,22,Manufacturing Director,No,0,26-35,6K-10K,10+ years
38,Research & Development,Male,Single,Non-Travel,Human Resources,28,2,4,4,3,4,No,7727,2,9,3,5,5,2,4,3,16,Research Director,No,0,36-45,6K-10K,2-5 years
23,Research & Development,Female,Single,Travel_Rarely,Life Sciences,8,3,3,4,4,3,No,5619,1,5,0,5,1,8,3,3,15,Healthcare Representative,No,0,18-25,3K-6K,0-1 years
40,Research & Development,Male,Single,Travel_Rarely,Life Sciences,5,2,4,2,2,1,No,5585,1,24,8,11,4,2,3,3,24,Research Director,No,0,36-45,3K-6K,6-10 years
29,Research & Development,Male,Divorced,Travel_Rarely,Marketing,10,4,4,2,2,3,No,5345,5,25,2,6,0,6,1,3,21,Healthcare Representative,No,0,26-35,3K-6K,2-5 years
24,Research & Development,Female,Married,Travel_Rarely,Medical,11,2,3,2,3,3,No,6029,1,8,15,1,2,0,2,3,18,Laboratory Technician,No,0,18-25,6K-10K,10+ years
42,Research & Development,Female,Married,Travel_Rarely,Medical,29,2,3,3,4,3,No,7709,1,0,12,0,2,3,6,4,19,Research Director,No,0,36-45,6K-10K,10+ years
38,Research & Development,Female,Married,Travel_Rarely,Technical Degree,8,1,2,4,3,4,No,7354,2,26,0,4,4,0,4,3,22,Laboratory Technician,No,0,36-45,6K-10K,0-1 years
30,Research & Development,Female,Single,Travel_Rarely,Technical Degree,3,1,4,3,3,4,No,5268,2,15,5,0,0,10,4,3,15,Laboratory Technician,No,0,26-35,3K-6K,2-5 years
49,Research & Development,Male,Married,Travel_Frequently,Medical,6,3,4,2,3,2,No,5062,5,14,1,1,0,1,3,3,17,Healthcare Representative,No,0,46-60,3K-6K,0-1 years
32,Research & Development,Male,Single,Travel_Frequently,Other,10,1,2,4,3,1,No,4956,2,12,0,3,4,0,3,3,11,Research Scientist,No,0,26-35,3K-6K,0-1 years
36,Sales,Male,Married,Travel_Rarely,Marketing,11,1,1,3,3,3,No,3385,1,5,6,2,4,0,0,3,22,Sales Manager,No,0,36-45,3K-6K,6-10 years
38,Human Resources,Male,Married,Non-Travel,Medical,2,4,3,2,3,3,No,3362,0,8,11,7,3,4,4,3,18,Human Resources,No,0,36-45,3K-6K,10+ years
30,Sales,Male,Married,Travel_Rarely,Life Sciences,5,2,1,4,3,3,Yes,7013,3,16,6,1,5,2,1,3,24,Sales Manager,No,0,26-35,6K-10K,6-10 years
40,Research & Development,Female,Divorced,Travel_Rarely,Life Sciences,27,1,4,2,3,2,Yes,3513,3,7,3,0,2,7,7,3,15,Healthcare Representative,No,0,36-45,3K-6K,2-5 years
31,Research & Development,Male,Single,Travel_Frequently,Life Sciences,4,3,2,3,2,4,No,8136,2,14,0,0,3,3,7,4,17,Research Scientist,No,0,26-35,6K-10K,0-1 years
32,Research & Development,Male,Married,Travel_Rarely,Marketing,15,2,4,3,2,3,No,5055,2,11,2,4,1,9,4,3,11,Laboratory Technician,No,0,26-35,3K-6K,2-5 years
48,Sales,Male,Single,Travel_Rarely,Medical,6,3,4,4,1,4,No,8162,1,3,9,2,2,2,1,4,25,Sales Manager,No,0,46-60,6K-10K,6-10 years
27,Sales,Male,Married,Travel_Frequently,Life Sciences,8,2,4,2,2,4,Yes,7382,5,24,0,0,4,8,7,4,16,Sales Manager,Yes,1,26-35,6K-10K,0-1 years
18,Sales,Male,Married,Travel_Rarely,Medical,2,1,3,2,2,2,Yes,8267,1,16,14,12,9,0,0,3,13,Sales Representative,No,0,18-25,6K-10K,10+ years
50,Sales,Female,Single,Travel_Frequently,Life Sciences,7,1,2,3,3,2,No,4001,1,14,2,7,5,0,2,3,20,Sales Representative,No,0,46-60,3K-6K,2-5 years
59,Research & Development,Male,Married,Travel_Rarely,Life Sciences,10,1,4,4,3,2,No,6511,3,15,7,4,4,1,1,3,23,Healthcare Representative,No,0,46-60,6K-10K,6-10 years
32,Sales,Female,Married,Travel_Frequently,Other,8,3,4,1,3,4,No,7803,4,0,4,5,5,0,1,3,12,Sales Manager,No,0,26-35,6K-10K,2-5 years
19,Sales,Female,Single,Travel_Rarely,Medical,7,2,4,2,3,3,No,2215,1,7,0,3,0,0,3,3,18,Sales Executive,No,0,18-25,< 3K,0-1 years
33,Research & Development,Female,Divorced,Travel_Rarely,Life Sciences,13,3,2,4,4,4,No,13258,1,0,9,0,3,6,5,3,18,Laboratory Technician,No,0,26-35,10K+,6-10 years
33,Sales,Female,Married,Travel_Rarely,Medical,2,2,1,4,4,3,No,18082,4,12,2,8,5,3,3,3,13,Sales Executive,No,0,26-35,10K+,2-5 years
34,Research & Development,Male,Divorced,Travel_Frequently,Life Sciences,10,1,4,2,2,3,Yes,8755,2,14,1,7,3,5,1,3,15,Manufacturing Director,No,0,26-35,6K-10K,0-1 years
26,Human Resources,Male,Married,Travel_Rarely,Marketing,1,1,4,2,2,4,No,8100,3,12,0,0,2,6,2,3,20,Human Resources,No,0,26-35,6K-10K,0-1 years
41,Sales,Male,Divorced,Travel_Frequently,Other,18,1,2,3,2,3,No,7188,2,20,14,5,0,0,3,3,25,Sales Manager,No,0,36-45,6K-10K,10+ years
41,Research & Development,Female,Single,Travel_Rarely,Medical,7,2,4,3,4,3,No,4353,0,0,6,5,1,6,7,3,12,Laboratory Technician,No,0,36-45,3K-6K,6-10 years
23,Sales,Female,Married,Travel_Rarely,Medical,15,2,1,3,2,3,No,4894,5,5,13,3,0,0,4,3,20,Sales Manager,No,0,18-25,3K-6K,10+ years
42,Research & Development,Male,Married,Travel_Rarely,Life Sciences,1,4,3,4,2,2,No,8838,3,14,10,12,5,2,2,3,24,Research Director,No,0,36-45,6K-10K,6-10 years
54,Sales,Male,Married,Travel_Rarely,Medical,13,1,2,1,3,1,Yes,3045,2,13,13,12,7,0,3,3,22,Sales Executive,No,0,46-60,3K-6K,10+ years
38,Sales,Female,Married,Non-Travel,Life Sciences,4,2,2,4,3,2,Yes,2902,4,0,3,2,8,7,0,3,23,Sales Manager,No,0,36-45,< 3K,2-5 years
33,Research & Development,Female,Divorced,Travel_Rarely,Life Sciences,8,1,2,1,3,3,No,4179,2,21,0,3,0,0,1,3,24,Research Scientist,No,0,26-35,3K-6K,0-1 years
35,Sales,Male,Married,Travel_Rarely,Technical Degree,13,3,2,4,3,3,No,7460,2,23,11,3,0,0,7,3,20,Sales Manager,No,0,26-35,6K-10K,10+ years
42,Research & Development,Female,Married,Travel_Rarely,Medical,8,1,3,1,3,3,No,3230,1,14,7,2,0,0,6,3,11,Healthcare Representative,No,0,36-45,3K-6K,6-10 years
20,Research & Development,Female,Married,Travel_Rarely,Medical,12,2,2,1,4,2,Yes,4594,3,0,3,0,0,3,3,3,14,Healthcare Representative,Yes,1,18-25,3K-6K,2-5 years
37,Research & Development,Female,Divorced,Travel_Rarely,Life Sciences,6,1,3,1,1,3,No,4904,1,12,10,6,0,3,3,3,17,Manufacturing Director,No,0,36-45,3K-6K,6-10 years
32,Research & Development,Male,Divorced,Travel_Frequently,Technical Degree,19,1,3,2,4,4,Yes,2981,1,14,8,12,1,7,3,3,25,Research Scientist,No,0,26-35,< 3K,6-10 years
53,Research & Development,Male,Married,Travel_Rarely,Life Sciences,7,2,4,2,3,3,No,1500,4,9,10,10,5,4,2,3,14,Laboratory Technician,No,0,46-60,< 3K,6-10 years
34,Research & Development,Female,Single,Travel_Rarely,Medical,7,1,3,3,2,4,Yes,2957,2,22,0,7,0,8,4,3,23,Healthcare Representative,No,0,26-35,< 3K,0-1 years
51,Research & Development,Male,Single,Travel_Rarely,Technical Degree,8,2,2,4,4,1,No,6002,1,10,12,0,6,6,2,3,20,Laboratory Technician,No,0,46-60,6K-10K,10+ years
26,Research & Development,Male,Married,Travel_Rarely,Medical,8,1,1,3,4,1,No,6794,0,28,6,0,7,0,3,3,21,Healthcare Representative,No,0,26-35,6K-10K,6-10 years
41,Sales,Male,Divorced,Travel_Rarely,Other,2,4,4,3,4,3,Yes,6825,1,17,13,8,3,1,3,3,12,Sales Manager,No,0,36-45,6K-10K,10+ years
39,Research & Development,Male,Married,Travel_Rarely,Life Sciences,4,1,4,2,4,2,No,7271,6,13,12,10,6,10,5,3,16,Research Director,No,0,36-45,6K-10K,10+ years
28,Sales,Female,Single,Travel_Rarely,Marketing,16,2,4,4,3,3,No,3685,3,18,10,6,0,9,2,4,17,Sales Executive,No,0,26-35,3K-6K,6-10 years
38,Research & Development,Male,Single,Travel_Frequently,Other,15,3,4,1,2,4,No,3275,2,23,5,3,1,7,5,3,18,Manufacturing Director,No,0,36-45,3K-6K,2-5 years
47,Research & Development,Female,Married,Non-Travel,Medical,14,2,3,2,2,2,Yes,6391,2,18,10,9,3,8,2,3,24,Research Scientist,No,0,46-60,6K-10K,6-10 years
33,Research & Development,Male,Divorced,Non-Travel,Medical,11,1,4,1,4,4,No,4628,2,10,13,7,3,6,6,3,16,Laboratory Technician,No,0,26-35,3K-6K,10+ years
21,Research & Development,Male,Single,Travel_Frequently,Life Sciences,5,2,3,2,3,1,No,8564,3,6,10,9,7,5,2,3,24,Research Director,No,0,18-25,6K-10K,6-10 years
36,Research & Development,Male,Married,Travel_Rarely,Marketing,5,1,4,3,4,3,No,6414,4,2,7,0,0,4,3,3,23,Healthcare Representative,No,0,36-45,6K-10K,6-10 years
28,Research & Development,Female,Married,Travel_Frequently,Human Resources,8,2,4,1,4,3,No,10536,1,0,10,5,1,11,4,3,20,Healthcare Representative,No,0,26-35,10K+,6-10 years
33,Research & Development,Male,Divorced,Travel_Rarely,Medical,18,2,4,1,3,3,No,4025,3,12,3,11,2,2,2,3,15,Healthcare Representative,No,0,26-35,3K-6K,2-5 years
35,Research & Development,Male,Single,Travel_Rarely,Other,10,3,3,4,2,2,No,9354,3,8,15,6,1,5,7,3,12,Research Scientist,No,0,26-35,6K-10K,10+ years
21,Research & Development,Female,Divorced,Travel_Rarely,Medical,3,3,2,1,2,4,No,15922,2,8,0,8,0,0,1,3,14,Manufacturing Director,Yes,1,18-25,10K+,0-1 years
21,Research & Development,Male,Married,Travel_Rarely,Medical,2,1,2,3,3,4,No,5356,3,19,6,4,1,0,2,3,20,Laboratory Technician,No,0,18-25,3K-6K,6-10 years
40,Sales,Male,Married,Non-Travel,Life Sciences,15,1,2,2,3,3,Yes,6843,2,10,4,4,2,11,3,3,14,Sales Executive,No,0,36-45,6K-10K,2-5 years
31,Research & Development,Male,Single,Travel_Frequently,Medical,22,2,4,4,2,3,No,3117,3,26,2,10,7,6,1,3,24,Research Director,No,0,26-35,3K-6K,2-5 years
18,Human Resources,Female,Married,Travel_Rarely,Technical Degree,1,2,4,3,4,3,No,8503,3,6,8,1,0,3,0,3,17,Human Resources,No,0,18-25,6K-10K,6-10 years
43,Sales,Male,Married,Travel_Rarely,Medical,15,1,2,1,3,3,No,9676,1,3,0,1,5,4,2,3,15,Sales Executive,No,0,36-45,6K-10K,0-1 years
38,Human Resources,Male,Single,Travel_Rarely,Life Sciences,11,2,4,4,2,3,No,3962,3,1,19,2,6,0,1,3,20,HR Manager,No,0,36-45,3K-6K,10+ years
30,Sales,Male,Married,Travel_Rarely,Medical,4,2,2,2,4,3,Yes,7178,1,17,0,4,1,2,4,3,13,Sales Manager,No,0,26-35,6K-10K,0-1 years
24,Research & Development,Male,Married,Travel_Frequently,Marketing,10,4,3,2,3,4,No,6067,1,20,0,0,3,0,2,3,23,Laboratory Technician,No,0,18-25,6K-10K,0-1 years
44,Research & Development,Male,Married,Non-Travel,Other,3,2,2,3,3,3,No,6447,2,6,0,7,4,3,2,3,19,Research Director,No,0,36-45,6K-10K,0-1 years
39,Research & Development,Male,Single,Travel_Rarely,Life Sciences,7,1,3,4,3,2,No,8128,1,2,7,3,4,7,2,3,24,Healthcare Representative,No,0,36-45,6K-10K,6-10 years
57,Sales,Male,Married,Travel_Rarely,Life Sciences,8,1,4,2,3,4,Yes,6917,2,23,12,7,3,6,3,4,23,Sales Executive,No,0,46-60,6K-10K,10+ years
40,Research & Development,Male,Single,Travel_Rarely,Medical,19,2,4,2,1,2,No,4817,3,0,9,0,0,10,1,3,12,Laboratory Technician,No,0,36-45,3K-6K,6-10 years
39,Research & Development,Female,Divorced,Travel_Rarely,Life Sciences,7,1,4,1,3,2,No,8223,2,19,15,7,4,5,2,3,24,Research Scientist,No,0,36-45,6K-10K,10+ years
34,Sales,Male,Divorced,Travel_Rarely,Other,5,1,2,3,3,4,Yes,9585,1,6,1,9,1,0,6,3,11,Sales Executive,No,0,26-35,6K-10K,0-1 years
43,Research & Development,Male,Single,Travel_Rarely,Medical,11,1,3,4,4,2,No,3834,1,14,10,6,3,12,8,3,22,Laboratory Technician,No,0,36-45,3K-6K,6-10 years
42,Research & Development,Female,Single,Travel_Rarely,Medical,12,3,2,2,4,2,Yes,5195,3,20,4,4,3,1,7,4,16,Laboratory Technician,No,0,36-45,3K-6K,2-5 years
47,Sales,Female,Single,Travel_Rarely,Life Sciences,4,4,3,4,1,3,No,1966,0,15,7,7,5,5,4,3,16,Sales Executive,No,0,46-60,< 3K,6-10 years
31,Research & Development,Female,Married,Travel_Rarely,Medical,3,1,3,1,4,4,Yes,7168,3,9,13,9,8,4,3,3,23,Research Scientist,Yes,1,26-35,6K-10K,10+ years
32,Research & Development,Male,Divorced,Travel_Frequently,Other,3,1,3,4,2,1,No,10190,1,22,0,6,0,5,5,3,15,Healthcare Representative,No,0,26-35,10K+,0-1 years
32,Sales,Male,Married,Travel_Rarely,Medical,19,2,4,4,1,3,Yes,4514,1,13,18,6,3,4,6,3,24,Sales Representative,No,0,26-35,3K-6K,10+ years
43,Research & Development,Male,Single,Travel_Frequently,Life Sciences,12,1,2,3,3,1,No,5596,1,40,5,11,0,4,4,3,11,Research Scientist,No,0,36-45,3K-6K,2-5 years
49,Research & Development,Male,Single,Travel_Rarely,Life Sciences,6,5,4,1,4,3,Yes,4607,5,0,0,7,7,0,4,3,13,Healthcare Representative,No,0,46-60,3K-6K,0-1 years
32,Research & Development,Male,Single,Travel_Rarely,Other,17,2,2,2,4,3,No,4210,4,0,2,1,3,14,1,3,16,Laboratory Technician,No,0,26-35,3K-6K,2-5 years
32,Sales,Male,Divorced,Travel_Rarely,Other,4,2,3,1,3,2,Yes,5908,5,19,7,9,2,7,1,3,15,Sales Representative,No,0,26-35,3K-6K,6-10 years
39,Research & Development,Male,Married,Travel_Frequently,Life Sciences,8,4,4,3,2,4,No,3378,2,11,2,4,3,4,1,3,24,Research Director,No,0,36-45,3K-6K,2-5 years
34,Sales,Female,Married,Travel_Rarely,Medical,3,2,4,4,2,3,No,4569,3,17,0,4,3,11,6,3,24,Sales Executive,No,0,26-35,3K-6K,0-1 years
45,Sales,Male,Single,Travel_Rarely,Life Sciences,17,1,4,2,1,4,No,3162,1,2,7,4,0,0,4,3,17,Sales Executive,No,0,36-45,3K-6K,6-10 years
18,Research & Development,Male,Divorced,Travel_Rarely,Medical,4,2,4,1,3,4,Yes,7190,0,11,2,8,6,7,5,3,19,Healthcare Representative,No,0,18-25,6K-10K,2-5 years
29,Research & Development,Female,Married,Non-Travel,Life Sciences,4,2,2,2,3,4,No,5931,2,15,10,11,4,2,2,3,16,Research Scientist,No,0,26-35,3K-6K,6-10 years
29,Research & Development,Female,Divorced,Travel_Rarely,Technical Degree,11,2,4,3,2,3,No,4102,1,7,0,4,5,6,3,3,17,Manufacturing Director,No,0,26-35,3K-6K,0-1 years
18,Sales,Male,Divorced,Travel_Rarely,Other,1,5,4,3,3,3,No,5307,1,13,20,11,0,6,4,3,16,Sales Manager,No,0,18-25,3K-6K,10+ years
27,Research & Development,Male,Married,Travel_Frequently,Life Sciences,2,1,3,2,3,4,No,4606,1,0,9,5,0,0,4,3,14,Manufacturing Director,No,0,26-35,3K-6K,6-10 years
28,Research & Development,Male,Divorced,Travel_Rarely,Medical,14,2,1,4,3,3,No,9755,8,14,7,10,2,0,4,3,21,Research Scientist,No,0,26-35,6K-10K,6-10 years
34,Research & Development,Male,Single,Travel_Rarely,Life Sciences,3,1,2,1,3,2,No,4080,3,23,10,5,5,10,4,3,12,Healthcare Representative,No,0,26-35,3K-6K,6-10 years
46,Human Resources,Female,Married,Travel_Frequently,Life Sciences,29,1,4,3,2,3,No,7374,4,1,0,2,4,3,4,4,15,HR Manager,No,0,46-60,6K-10K,0-1 years
34,Research & Development,Male,Single,Travel_Rarely,Life Sciences,9,2,4,3,3,3,Yes,3528,1,1,3,12,0,12,1,3,12,Laboratory Technician,No,0,26-35,3K-6K,2-5 years
27,Sales,Male,Married,Travel_Rarely,Life Sciences,1,3,4,1,3,3,Yes,8138,0,21,17,2,5,9,4,3,17,Sales Executive,No,0,26-35,6K-10K,10+ years
35,Research & Development,Male,Single,Travel_Rarely,Other,23,2,2,3,2,4,No,9200,1,0,4,1,0,3,4,3,21,Manufacturing Director,No,0,26-35,6K-10K,2-5 years
45,Sales,Male,Single,Travel_Rarely,Life Sciences,9,1,1,3,1,3,No,9442,3,18,6,0,1,3,0,3,18,Sales Manager,No,0,36-45,6K-10K,6-10 years
27,Research & Development,Male,Single,Non-Travel,Technical Degree,7,1,3,3,4,2,No,11678,4,11,3,9,3,11,3,3,21,Research Scientist,No,0,26-35,10K+,2-5 years
28,Research & Development,Male,Married,Travel_Rarely,Life Sciences,9,2,2,4,3,2,Yes,6107,4,8,15,10,0,12,2,3,19,Manufacturing Director,No,0,26-35,6K-10K,10+ years
41,Sales,Female,Married,Travel_Rarely,Medical,1,2,1,3,2,4,No,10273,1,23,5,5,0,3,3,3,16,Sales Representative,No,0,36-45,10K+,2-5 years
34,Sales,Female,Married,Travel_Rarely,Medical,8,3,1,2,3,3,No,12705,2,18,0,0,7,10,7,3,24,Sales Representative,No,0,26-35,10K+,0-1 years
42,Research & Development,Male,Single,Travel_Rarely,Other,4,2,1,4,3,3,No,2805,3,13,21,4,7,8,4,3,20,Laboratory Technician,No,0,36-45,< 3K,10+ years
36,Research & Development,Male,Divorced,Travel_Rarely,Life Sciences,8,4,2,4,2,3,No,3732,1,0,0,3,9,9,0,3,11,Healthcare Representative,No,0,36-45,3K-6K,0-1 years
42,Research & Development,Female,Divorced,Travel_Rarely,Life Sciences,5,3,4,1,2,4,Yes,2284,3,17,5,0,4,4,5,3,13,Research Director,No,0,36-45,< 3K,2-5 years
27,Research & Development,Male,Single,Travel_Frequently,Marketing,9,1,2,4,4,3,No,9321,1,2,1,2,4,1,1,3,21,Research Scientist,No,0,26-35,6K-10K,0-1 years
36,Research & Development,Male,Married,Travel_Rarely,Marketing,6,2,3,4,3,3,Yes,2268,2,9,2,6,2,0,2,3,11,Research Scientist,No,0,36-45,< 3K,2-5 years
34,Sales,Female,Married,Travel_Frequently,Medical,5,3,3,1,2,2,No,1954,6,11,0,2,1,0,1,3,13,Sales Representative,No,0,26-35,< 3K,0-1 years
25,Research & Development,Male,Married,Travel_Rarely,Life Sciences,3,4,4,3,3,4,No,2844,7,26,3,5,5,12,3,3,12,Healthcare Representative,No,0,18-25,< 3K,2-5 years
22,Sales,Male,Married,Travel_Rarely,Life Sciences,1,2,4,1,3,3,Yes,1999,4,9,12,0,7,4,0,3,23,Sales Executive,No,0,18-25,< 3K,10+ years
42,Research & Development,Male,Married,Travel_Rarely,Technical Degree,1,2,3,3,3,3,No,6040,4,0,0,11,5,0,6,3,12,Healthcare Representative,No,0,36-45,6K-10K,0-1 years
33,Research & Development,Male,Single,Travel_Frequently,Medical,2,2,4,4,2,2,No,2864,2,23,14,2,0,8,6,3,14,Healthcare Representative,No,0,26-35,< 3K,10+ years
27,Sales,Male,Married,Travel_Rarely,Medical,13,3,4,2,1,3,No,2052,3,17,13,7,4,2,1,3,25,Sales Executive,No,0,26-35,< 3K,10+ years
35,Research & Development,Female,Married,Travel_Rarely,Life Sciences,3,4,3,3,2,3,No,5082,3,17,9,5,0,1,4,4,12,Laboratory Technician,No,0,26-35,3K-6K,6-10 years
46,Sales,Male,Married,Travel_Frequently,Life Sciences,4,4,3,2,4,3,No,5249,3,23,7,6,2,12,0,3,14,Sales Executive,No,0,46-60,3K-6K,6-10 years
18,Research & Development,Male,Divorced,Travel_Rarely,Other,5,1,3,3,3,3,No,1859,3,25,8,0,7,0,2,3,23,Healthcare Representative,No,0,18-25,< 3K,6-10 years
23,Sales,Female,Single,Travel_Rarely,Marketing,6,1,3,4,4,4,No,3512,1,4,15,1,0,5,2,3,13,Sales Executive,No,0,18-25,3K-6K,10+ years
28,Sales,Male,Single,Travel_Rarely,Life Sciences,11,3,2,2,1,3,No,4991,3,0,0,1,9,2,3,3,14,Sales Representative,No,0,26-35,3K-6K,0-1 years
49,Sales,Male,Single,Travel_Rarely,Other,6,2,2,3,3,4,Yes,4273,0,18,10,4,4,1,5,4,22,Sales Executive,No,0,46-60,3K-6K,6-10 years
39,Research & Development,Male,Single,Travel_Rarely,Medical,15,4,2,2,3,2,Yes,4338,4,9,2,9,1,0,3,3,11,Laboratory Technician,No,0,36-45,3K-6K,2-5 years
43,Research & Development,Female,Single,Travel_Rarely,Life Sciences,2,1,3,4,3,3,Yes,9947,1,10,11,6,3,4,6,3,16,Research Director,No,0,36-45,6K-10K,10+ years
26,Research & Development,Male,Married,Non-Travel,Life Sciences,14,3,3,3,3,2,No,16933,2,2,2,0,0,1,3,3,14,Research Scientist,No,0,26-35,10K+,2-5 years
26,Research & Development,Female,Married,Travel_Rarely,Marketing,21,2,3,3,3,2,No,4377,3,16,10,4,1,6,2,3,14,Research Scientist,No,0,26-35,3K-6K,6-10 years
40,Research & Development,Female,Married,Travel_Rarely,Life Sciences,8,1,1,2,1,4,Yes,2513,2,14,0,4,3,4,3,3,16,Manufacturing Director,No,0,36-45,< 3K,0-1 years
37,Research & Development,Female,Married,Non-Travel,Medical,3,1,2,3,1,1,No,4571,2,10,0,3,2,3,4,3,14,Manufacturing Director,No,0,36-45,3K-6K,0-1 years
41,Research & Development,Female,Single,Travel_Rarely,Marketing,11,3,2,3,3,4,No,5786,2,0,5,4,0,1,4,3,22,Research Director,No,0,36-45,3K-6K,2-5 years
34,Research & Development,Female,Married,Travel_Rarely,Life Sciences,8,1,4,3,2,3,Yes,5050,0,21,15,7,2,10,5,3,13,Laboratory Technician,No,0,26-35,3K-6K,10+ years
39,Research & Development,Female,Single,Travel_Rarely,Other,10,3,2,3,1,3,No,7276,2,13,9,1,0,7,2,4,16,Manufacturing Director,No,0,36-45,6K-10K,6-10 years
37,Research & Development,Female,Divorced,Travel_Rarely,Life Sciences,15,2,1,4,4,2,No,17553,2,20,9,3,0,1,4,3,12,Healthcare Representative,No,0,36-45,10K+,6-10 years
43,Research & Development,Female,Single,Travel_Rarely,Medical,6,2,1,2,2,3,Yes,2027,4,0,11,8,0,0,3,4,12,Healthcare Representative,No,0,36-45,< 3K,10+ years
43,Research & Development,Female,Married,Non-Travel,Medical,5,1,3,1,3,4,No,3934,0,11,4,6,8,0,0,3,21,Laboratory Technician,No,0,36-45,3K-6K,2-5 years
21,Research & Development,Female,Divorced,Travel_Frequently,Medical,29,5,2,4,4,3,Yes,12137,0,5,10,9,4,9,4,3,17,Research Director,No,0,18-25,10K+,6-10 years
18,Research & Development,Male,Married,Travel_Rarely,Medical,12,3,3,1,3,3,No,3902,2,11,3,10,4,8,0,3,17,Laboratory Technician,No,0,18-25,3K-6K,2-5 years
45,Research & Development,Female,Married,Travel_Rarely,Medical,17,3,3,4,1,4,No,8028,6,19,4,0,3,8,3,3,15,Manufacturing Director,No,0,36-45,6K-10K,2-5 years
47,Sales,Male,Married,Travel_Frequently,Human Resources,14,3,4,3,3,3,No,7357,2,14,5,5,4,4,6,3,13,Sales Executive,No,0,46-60,6K-10K,2-5 years
27,Research & Development,Female,Single,Travel_Rarely,Marketing,17,2,3,4,3,2,No,10267,2,11,3,2,6,7,1,3,24,Research Director,No,0,26-35,10K+,2-5 years
19,Research & Development,Male,Married,Travel_Frequently,Technical Degree,10,4,1,3,3,3,Yes,14895,2,11,6,0,4,8,4,3,22,Research Director,No,0,18-25,10K+,6-10 years
37,Human Resources,Female,Divorced,Travel_Rarely,Life Sciences,16,2,2,4,3,3,No,6245,1,0,4,1,7,4,2,4,17,Human Resources,No,0,36-45,6K-10K,2-5 years
44,Research & Development,Female,Divorced,Travel_Frequently,Medical,5,2,4,4,4,3,No,1991,2,4,2,3,2,3,2,3,11,Manufacturing Director,No,0,36-45,< 3K,2-5 years
52,Sales,Female,Married,Travel_Frequently,Medical,1,1,2,3,2,3,No,3538,3,20,5,3,4,0,5,3,24,Sales Manager,No,0,46-60,3K-6K,2-5 years
41,Sales,Male,Married,Travel_Rarely,Life Sciences,4,1,4,2,2,3,No,17305,2,7,7,2,5,6,1,4,17,Sales Executive,No,0,36-45,10K+,6-10 years
33,Research & Development,Female,Married,Travel_Rarely,Marketing,7,3,3,1,3,4,No,2389,1,20,0,4,0,6,2,4,13,Healthcare Representative,No,0,26-35,< 3K,0-1 years
28,Research & Development,Female,Married,Travel_Frequently,Life Sciences,6,1,1,2,3,3,Yes,6834,2,18,9,14,3,2,5,3,12,Healthcare Representative,No,0,26-35,6K-10K,6-10 years
36,Sales,Female,Single,Travel_Rarely,Life Sciences,8,3,2,4,3,3,No,1500,1,18,3,0,0,3,1,3,25,Sales Representative,No,0,36-45,< 3K,2-5 years
33,Human Resources,Female,Single,Travel_Rarely,Life Sciences,4,4,4,2,2,4,No,2473,2,14,7,9,2,3,2,4,11,HR Manager,No,0,26-35,< 3K,6-10 years
27,Research & Development,Male,Single,Travel_Rarely,Life Sciences,1,2,4,4,1,2,No,8470,5,8,2,4,2,7,4,3,16,Laboratory Technician,No,0,26-35,6K-10K,2-5 years
54,Research & Development,Male,Married,Travel_Rarely,Life Sciences,6,1,4,3,3,3,No,5304,3,10,12,2,1,0,2,3,19,Manufacturing Director,No,0,46-60,3K-6K,10+ years
52,Research & Development,Male,Single,Travel_Rarely,Medical,2,2,2,2,4,3,No,4228,2,16,12,0,1,0,4,3,15,Healthcare Representative,No,0,46-60,3K-6K,10+ years
46,Research & Development,Female,Single,Travel_Rarely,Medical,8,1,4,4,1,3,No,3323,3,0,0,7,4,0,2,3,13,Research Director,No,0,46-60,3K-6K,0-1 years
28,Sales,Male,Single,Travel_Rarely,Life Sciences,11,3,2,1,4,4,No,1734,5,21,9,0,0,3,1,3,20,Sales Executive,No,0,26-35,< 3K,6-10 years
44,Research & Development,Female,Divorced,Travel_Frequently,Life Sciences,6,2,2,3,3,3,No,7614,5,7,15,7,8,5,1,4,12,Laboratory Technician,No,0,36-45,6K-10K,10+ years
42,Sales,Female,Single,Travel_Rarely,Technical Degree,3,2,3,3,1,3,No,4450,1,10,0,11,4,0,0,3,25,Sales Executive,No,0,36-45,3K-6K,0-1 years
40,Sales,Male,Single,Travel_Rarely,Life Sciences,8,2,4,1,3,3,No,2252,2,10,1,0,0,8,2,3,18,Sales Manager,No,0,36-45,< 3K,0-1 years
47,Research & Development,Male,Married,Travel_Rarely,Medical,29,2,3,2,2,2,Yes,5287,1,11,10,9,4,10,1,3,22,Healthcare Representative,No,0,46-60,3K-6K,6-10 years
42,Research & Development,Male,Single,Travel_Frequently,Medical,12,1,3,3,3,4,No,7159,2,0,0,4,5,6,1,3,23,Research Director,No,0,36-45,6K-10K,0-1 years
43,Sales,Female,Divorced,Travel_Rarely,Medical,12,1,2,1,2,2,Yes,4657,2,12,1,0,4,8,2,3,22,Sales Representative,No,0,36-45,3K-6K,0-1 years
42,Sales,Male,Divorced,Travel_Frequently,Technical Degree,5,2,3,4,3,3,No,5543,3,16,0,0,0,0,5,3,18,Sales Representative,No,0,36-45,3K-6K,0-1 years
39,Sales,Male,Married,Travel_Rarely,Medical,4,4,1,3,2,3,No,5310,0,0,10,5,9,0,2,3,12,Sales Representative,No,0,36-45,3K-6K,6-10 years
20,Research & Development,Female,Married,Travel_Rarely,Other,17,1,4,1,3,2,No,3525,3,1,2,6,4,6,4,3,12,Manufacturing Director,No,0,18-25,3K-6K,2-5 years
37,Research & Development,Male,Married,Non-Travel,Technical Degree,1,1,1,2,4,2,No,5358,4,18,4,0,0,4,7,3,16,Research Scientist,No,0,36-45,3K-6K,2-5 years
31,Research & Development,Female,Single,Travel_Frequently,Life Sciences,4,1,3,1,3,3,No,7791,4,17,2,4,3,0,5,3,15,Research Scientist,No,0,26-35,6K-10K,2-5 years
24,Sales,Male,Single,Travel_Rarely,Life Sciences,24,2,2,4,3,1,Yes,9186,1,13,13,7,2,10,6,3,24,Sales Executive,No,0,18-25,6K-10K,10+ years
51,Research & Development,Male,Single,Travel_Rarely,Life Sciences,7,1,3,3,4,4,No,8033,0,6,1,8,3,5,3,3,17,Research Scientist,No,0,46-60,6K-10K,0-1 years
52,Research & Development,Male,Single,Travel_Rarely,Life Sciences,2,3,2,1,2,4,No,3587,1,17,0,2,0,7,2,4,25,Laboratory Technician,No,0,46-60,3K-6K,0-1 years
48,Research & Development,Male,Married,Travel_Rarely,Medical,11,1,3,3,3,2,Yes,7379,2,1,0,6,3,1,2,3,15,Manufacturing Director,No,0,46-60,6K-10K,0-1 years
38,Research & Development,Male,Single,Travel_Frequently,Life Sciences,6,2,3,3,3,4,Yes,6717,2,10,10,8,0,11,3,3,25,Research Director,No,0,36-45,6K-10K,6-10 years
48,Sales,Female,Single,Travel_Frequently,Life Sciences,1,1,3,3,4,3,No,3519,3,1,11,7,1,3,0,4,16,Sales Manager,No,0,46-60,3K-6K,10+ years
36,Research & Development,Male,Married,Travel_Rarely,Life Sciences,9,2,4,1,2,1,No,4028,2,10,13,8,4,8,1,4,25,Healthcare Representative,No,0,36-45,3K-6K,10+ years
38,Research & Development,Male,Married,Travel_Rarely,Medical,8,1,2,1,2,3,No,7557,0,3,0,4,1,2,2,3,18,Laboratory Technician,No,0,36-45,6K-10K,0-1 years
26,Sales,Male,Single,Travel_Rarely,Medical,8,3,3,2,2,4,No,11089,6,17,5,4,2,5,4,3,11,Sales Representative,No,0,26-35,10K+,2-5 years
40,Sales,Male,Single,Travel_Rarely,Other,11,4,4,3,1,3,No,1920,2,14,21,5,5,6,3,4,25,Sales Representative,No,0,36-45,< 3K,10+ years
37,Research & Development,Female,Single,Travel_Frequently,Life Sciences,3,1,2,3,2,2,Yes,12816,2,6,4,1,0,12,4,3,14,Healthcare Representative,No,0,36-45,10K+,2-5 years
24,Research & Development,Male,Single,Travel_Rarely,Life Sciences,10,4,4,2,4,3,No,9865,2,20,3,8,1,2,1,3,23,Research Scientist,No,0,18-25,6K-10K,2-5 years
36,Human Resources,Female,Divorced,Travel_Rarely,Other,9,1,4,2,2,3,No,5802,2,3,6,0,0,5,3,3,23,Human Resources,No,0,36-45,3K-6K,6-10 years
35,Sales,Male,Divorced,Travel_Rarely,Medical,17,2,4,3,1,3,No,4555,3,11,9,2,0,6,4,3,14,Sales Executive,No,0,26-35,3K-6K,6-10 years
52,Research & Development,Male,Married,Non-Travel,Medical,4,3,3,1,2,3,No,6446,2,6,9,4,3,0,3,3,19,Research Scientist,No,0,46-60,6K-10K,6-10 years
44,Research & Development,Male,Married,Travel_Rarely,Medical,19,1,4,3,3,4,Yes,3656,1,17,2,6,4,0,5,3,22,Laboratory Technician,No,0,36-45,3K-6K,2-5 years
36,Research & Development,Male,Married,Travel_Rarely,Life Sciences,14,2,3,3,3,3,Yes,4716,2,16,2,7,0,0,5,3,25,Laboratory Technician,No,0,36-45,3K-6K,2-5 years
38,Research & Development,Female,Married,Travel_Rarely,Human Resources,7,1,3,2,1,2,No,2310,1,21,4,10,4,8,1,3,16,Research Director,No,0,36-45,< 3K,2-5 years
36,Sales,Male,Single,Travel_Rarely,Medical,8,3,4,3,3,4,No,1995,2,12,2,4,3,11,1,3,17,Sales Manager,No,0,36-45,< 3K,2-5 years
34,Research & Development,Male,Single,Travel_Rarely,Medical,1,2,2,2,3,3,No,18754,0,0,0,1,0,0,4,3,23,Research Scientist,No,0,26-35,10K+,0-1 years
26,Research & Development,Female,Married,Travel_Rarely,Medical,8,4,4,3,2,3,No,5384,2,8,17,3,3,0,5,3,18,Manufacturing Director,No,0,26-35,3K-6K,10+ years
35,Sales,Female,Married,Travel_Rarely,Life Sciences,13,1,3,1,3,3,No,5816,1,24,4,3,6,10,6,4,20,Sales Executive,No,0,26-35,3K-6K,2-5 years
29,Sales,Female,Single,Travel_Rarely,Life Sciences,6,4,1,2,3,3,No,5113,2,8,4,6,0,2,7,4,12,Sales Manager,No,0,26-35,3K-6K,2-5 years
25,Sales,Female,Single,Travel_Frequently,Marketing,17,1,3,3,3,2,Yes,3298,1,0,4,0,9,3,7,3,21,Sales Executive,No,0,18-25,3K-6K,2-5 years
41,Research & Development,Female,Single,Travel_Rarely,Medical,11,2,4,1,4,3,Yes,4392,1,15,6,3,1,10,4,4,16,Laboratory Technician,No,0,36-45,3K-6K,6-10 years
40,Research & Development,Female,Single,Travel_Rarely,Life Sciences,29,1,3,3,4,4,No,5467,1,15,9,10,0,9,2,3,16,Manufacturing Director,No,0,36-45,3K-6K,6-10 years
20,Research & Development,Female,Married,Travel_Rarely,Life Sciences,4,1,4,4,3,4,No,4667,1,5,3,5,3,8,3,3,24,Healthcare Representative,No,0,18-25,3K-6K,2-5 years
35,Research & Development,Male,Married,Travel_Frequently,Human Resources,13,1,2,4,3,3,No,3438,2,9,13,0,5,0,2,4,21,Manufacturing Director,No,0,26-35,3K-6K,10+ years
45,Research & Development,Female,Married,Travel_Frequently,Life Sciences,2,2,4,2,2,2,Yes,6769,3,4,10,3,2,0,3,4,19,Research Director,No,0,36-45,6K-10K,6-10 years
46,Research & Development,Male,Single,Travel_Frequently,Medical,7,1,3,2,3,3,No,5768,2,15,5,0,3,8,6,3,19,Research Scientist,No,0,46-60,3K-6K,2-5 years
45,Research & Development,Female,Single,Travel_Rarely,Medical,12,2,4,2,3,3,No,6454,0,11,2,4,9,5,2,3,23,Research Director,No,0,36-45,6K-10K,2-5 years
36,Sales,Female,Divorced,Travel_Rarely,Marketing,13,5,2,4,1,3,Yes,7663,2,2,13,11,3,1,2,3,20,Sales Executive,No,0,36-45,6K-10K,10+ years
28,Human Resources,Male,Married,Travel_Rarely,Medical,6,1,3,2,4,3,No,4734,3,11,5,0,11,3,2,3,14,HR Manager,No,0,26-35,3K-6K,2-5 years
26,Research & Development,Female,Single,Travel_Rarely,Technical Degree,18,1,4,2,3,3,No,4739,2,5,0,0,6,8,4,3,19,Laboratory Technician,Yes,1,26-35,3K-6K,0-1 years
39,Research & Development,Female,Single,Travel_Rarely,Life Sciences,21,1,1,4,1,1,Yes,11752,3,23,12,1,3,10,1,3,20,Healthcare Representative,No,0,36-45,10K+,10+ years
39,Research & Development,Male,Divorced,Travel_Rarely,Human Resources,4,1,3,1,4,3,No,3094,7,18,2,8,3,4,5,3,11,Research Scientist,No,0,36-45,3K-6K,2-5 years
48,Research & Development,Male,Married,Travel_Rarely,Human Resources,7,2,4,3,3,3,No,1856,2,10,11,11,2,1,3,3,12,Healthcare Representative,No,0,46-60,< 3K,10+ years
46,Research & Development,Female,Divorced,Travel_Rarely,Medical,6,3,4,3,2,3,No,7058,0,12,0,6,3,3,4,3,18,Research Director,No,0,46-60,6K-10K,0-1 years
35,Research & Development,Female,Married,Travel_Rarely,Medical,5,1,4,3,3,2,No,3679,2,19,4,0,4,9,0,4,19,Laboratory Technician,No,0,26-35,3K-6K,2-5 years
25,Sales,Male,Married,Travel_Rarely,Life Sciences,20,1,4,4,4,4,Yes,2875,1,10,13,4,1,9,2,3,11,Sales Manager,No,0,18-25,< 3K,10+ years
33,Research & Development,Male,Married,Travel_Frequently,Medical,20,2,4,2,4,3,No,8462,3,17,6,11,0,5,5,4,17,Manufacturing Director,No,0,26-35,6K-10K,6-10 years
38,Sales,Female,Single,Travel_Rarely,Life Sciences,6,1,3,3,2,3,No,4802,2,23,10,3,6,2,2,3,13,Sales Executive,No,0,36-45,3K-6K,6-10 years
34,Research & Development,Male,Married,Travel_Frequently,Life Sciences,13,2,3,3,3,3,Yes,2595,3,7,1,5,5,8,7,3,21,Manufacturing Director,Yes,1,26-35,< 3K,0-1 years
31,Research & Development,Male,Married,Travel_Rarely,Other,17,4,4,1,4,3,No,15073,2,24,8,5,0,10,2,3,18,Manufacturing Director,No,0,26-35,10K+,6-10 years
38,Research & Development,Male,Single,Travel_Frequently,Life Sciences,10,1,4,4,4,3,Yes,2144,4,22,6,0,3,0,2,3,12,Laboratory Technician,No,0,36-45,< 3K,6-10 years
31,Research & Development,Male,Divorced,Travel_Frequently,Medical,6,2,1,4,1,3,No,4958,2,13,7,8,6,3,0,3,17,Laboratory Technician,No,0,26-35,3K-6K,6-10 years
30,Research & Development,Male,Married,Travel_Rarely,Life Sciences,4,3,2,4,3,3,No,1840,1,7,18,7,5,9,4,3,24,Manufacturing Director,No,0,26-35,< 3K,10+ years
39,Human Resources,Female,Single,Non-Travel,Life Sciences,13,3,3,4,4,3,No,6035,2,13,14,0,0,4,2,3,11,Human Resources,No,0,36-45,6K-10K,10+ years
32,Research & Development,Female,Married,Travel_Rarely,Life Sciences,2,3,4,2,1,2,Yes,3655,2,9,11,0,5,2,1,4,17,Manufacturing Director,No,0,26-35,3K-6K,10+ years
38,Research & Development,Female,Divorced,Travel_Rarely,Life Sciences,6,3,3,3,3,4,Yes,8160,1,5,11,0,3,5,5,3,13,Manufacturing Director,No,0,36-45,6K-10K,10+ years
38,Research & Development,Male,Divorced,Travel_Frequently,Medical,5,2,4,2,3,3,No,5151,3,15,1,7,4,5,3,3,24,Manufacturing Director,No,0,36-45,3K-6K,0-1 years
26,Research & Development,Male,Married,Travel_Rarely,Other,2,2,4,1,3,2,No,10930,2,3,3,1,0,0,4,3,17,Healthcare Representative,No,0,26-35,10K+,2-5 years
32,Research & Development,Male,Divorced,Travel_Rarely,Medical,7,3,2,2,3,3,No,4105,3,8,0,6,0,4,3,3,20,Manufacturing Director,No,0,26-35,3K-6K,0-1 years
49,Research & Development,Male,Divorced,Travel_Rarely,Other,7,3,3,2,1,2,No,2151,3,8,0,3,0,5,4,3,25,Laboratory Technician,No,0,46-60,< 3K,0-1 years
26,Sales,Male,Divorced,Travel_Rarely,Medical,3,2,3,1,3,4,Yes,5926,1,0,1,4,4,2,3,3,11,Sales Manager,No,0,26-35,3K-6K,0-1 years
18,Research & Development,Male,Divorced,Travel_Rarely,Medical,19,2,2,4,2,3,No,4526,5,16,6,6,2,1,3,4,18,Laboratory Technician,No,0,18-25,3K-6K,6-10 years
19,Research & Development,Male,Married,Travel_Rarely,Life Sciences,13,3,3,1,3,2,Yes,1912,3,9,0,5,4,2,3,3,12,Research Scientist,No,0,18-25,< 3K,0-1 years
36,Sales,Male,Married,Travel_Rarely,Life Sciences,8,1,3,3,3,1,No,2910,2,21,6,4,6,0,3,3,22,Sales Executive,No,0,36-45,< 3K,6-10 years
36,Sales,Female,Married,Travel_Rarely,Technical Degree,15,1,4,4,1,1,No,3467,1,9,5,5,2,7,2,3,19,Sales Manager,No,0,36-45,3K-6K,2-5 years
35,Research & Development,Female,Married,Travel_Rarely,Medical,17,1,3,3,4,2,No,12233,1,8,0,5,1,0,3,3,17,Laboratory Technician,No,0,26-35,10K+,0-1 years
47,Research & Development,Female,Single,Travel_Rarely,Medical,20,1,1,1,3,1,No,7673,5,4,15,3,0,5,1,3,15,Research Scientist,No,0,46-60,6K-10K,10+ years
18,Research & Development,Female,Married,Travel_Rarely,Technical Degree,4,2,3,3,2,3,No,4295,2,11,0,2,0,3,1,3,13,Manufacturing Director,No,0,18-25,3K-6K,0-1 years
40,Research & Development,Male,Divorced,Travel_Rarely,Life Sciences,15,1,4,4,2,3,Yes,6737,5,11,13,12,0,1,3,3,24,Research Scientist,Yes,1,36-45,6K-10K,10+ years
50,Research & Development,Male,Single,Travel_Rarely,Marketing,7,2,3,4,3,3,Yes,1694,3,17,0,2,4,9,3,3,11,Healthcare Representative,No,0,46-60,< 3K,0-1 years
26,Sales,Male,Divorced,Travel_Frequently,Life Sciences,9,2,2,2,4,2,Yes,3811,2,12,5,9,2,3,2,4,12,Sales Executive,No,0,26-35,3K-6K,2-5 years
33,Research & Development,Male,Married,Non-Travel,Human Resources,5,1,4,1,2,1,No,6483,3,28,0,1,1,1,1,3,16,Research Scientist,No,0,26-35,6K-10K,0-1 years
29,Sales,Male,Single,Travel_Rarely,Life Sciences,8,1,1,3,4,1,No,5695,4,15,2,7,1,1,0,3,16,Sales Manager,No,0,26-35,3K-6K,2-5 years
28,Research & Development,Male,Single,Travel_Rarely,Life Sciences,15,2,2,2,2,2,No,3865,0,3,17,11,0,5,2,3,24,Healthcare Representative,No,0,26-35,3K-6K,10+ years
33,Sales,Male,Divorced,Travel_Frequently,Medical,23,3,3,4,3,3,No,5092,3,2,4,3,5,7,4,4,15,Sales Executive,No,0,26-35,3K-6K,2-5 years
49,Sales,Male,Married,Travel_Frequently,Life Sciences,7,2,4,3,3,2,No,6263,2,15,0,1,3,9,2,3,15,Sales Manager,No,0,46-60,6K-10K,0-1 years
53,Research & Development,Female,Single,Travel_Rarely,Other,3,1,4,4,1,3,Yes,5173,2,3,9,2,5,3,3,3,14,Research Scientist,No,0,46-60,3K-6K,6-10 years
33,Research & Development,Female,Married,Travel_Rarely,Medical,26,1,1,4,4,4,Yes,8350,3,16,4,4,0,3,2,3,16,Research Scientist,No,0,26-35,6K-10K,2-5 years
53,Research & Development,Female,Married,Travel_Rarely,Life Sciences,4,1,4,3,2,2,No,6196,0,18,7,5,4,5,4,3,15,Laboratory Technician,No,0,46-60,6K-10K,6-10 years
36,Sales,Female,Married,Travel_Rarely,Life Sciences,1,1,4,4,4,2,No,6888,1,18,1,4,1,5,1,3,21,Sales Representative,No,0,36-45,6K-10K,0-1 years
52,Research & Development,Male,Divorced,Non-Travel,Human Resources,5,5,4,3,2,3,No,13345,0,4,1,2,2,1,2,3,22,Manufacturing Director,No,0,46-60,10K+,0-1 years
35,Research & Development,Male,Married,Travel_Rarely,Medical,17,1,4,1,2,3,Yes,8197,0,18,1,12,7,10,4,3,22,Laboratory Technician,Yes,1,26-35,6K-10K,0-1 years
37,Research & Development,Female,Married,Travel_Rarely,Human Resources,4,1,4,4,4,1,No,13547,1,14,11,3,1,4,3,4,23,Laboratory Technician,No,0,36-45,10K+,10+ years
39,Sales,Male,Married,Travel_Rarely,Life Sciences,3,4,2,3,3,4,Yes,3593,2,6,5,2,4,6,3,4,20,Sales Representative,No,0,36-45,3K-6K,2-5 years
60,Research & Development,Male,Divorced,Travel_Frequently,Human Resources,9,2,2,4,2,3,No,2166,1,10,0,7,0,6,7,3,21,Manufacturing Director,No,0,46-60,< 3K,0-1 years
44,Research & Development,Male,Single,Travel_Rarely,Medical,23,2,4,2,3,4,Yes,4814,2,15,7,7,3,6,1,3,16,Research Director,No,0,36-45,3K-6K,6-10 years
30,Human Resources,Female,Single,Travel_Frequently,Medical,11,2,3,2,2,4,Yes,4593,0,6,6,10,0,0,2,3,25,Human Resources,No,0,26-35,3K-6K,6-10 years
45,Research & Development,Female,Single,Travel_Rarely,Life Sciences,2,4,3,4,4,3,No,11604,6,13,9,12,2,4,1,3,25,Research Director,No,0,36-45,10K+,6-10 years
33,Sales,Male,Married,Travel_Rarely,Life Sciences,29,1,4,1,1,3,No,2793,3,23,3,5,4,13,1,3,11,Sales Manager,No,0,26-35,< 3K,2-5 years
32,Research & Development,Female,Married,Travel_Rarely,Other,10,1,4,3,3,3,No,4979,1,19,6,3,6,10,1,3,16,Manufacturing Director,No,0,26-35,3K-6K,6-10 years
44,Research & Development,Male,Married,Travel_Rarely,Other,16,3,4,3,1,4,Yes,6498,0,12,9,0,0,5,3,3,21,Healthcare Representative,No,0,36-45,6K-10K,6-10 years
36,Sales,Male,Married,Non-Travel,Life Sciences,2,3,4,1,3,3,No,5494,2,13,0,0,1,3,4,3,15,Sales Manager,No,0,36-45,3K-6K,0-1 years
39,Sales,Male,Single,Travel_Rarely,Other,28,5,1,1,4,3,No,4732,2,7,11,5,1,0,2,3,18,Sales Manager,No,0,36-45,3K-6K,10+ years
36,Sales,Male,Married,Travel_Rarely,Life Sciences,6,1,4,4,4,1,No,6334,3,7,6,0,2,2,2,3,23,Sales Representative,No,0,36-45,6K-10K,6-10 years
39,Research & Development,Female,Divorced,Travel_Rarely,Life Sciences,2,4,4,1,3,3,Yes,9414,2,0,0,0,0,4,6,3,24,Research Scientist,No,0,36-45,6K-10K,0-1 years
40,Research & Development,Male,Single,Travel_Rarely,Life Sciences,9,1,1,4,2,3,No,12101,1,13,0,4,0,3,4,3,25,Healthcare Representative,No,0,36-45,10K+,0-1 years
19,Research & Development,Female,Single,Travel_Rarely,Life Sciences,16,3,2,4,2,4,No,5295,4,16,5,7,0,3,5,3,20,Research Scientist,No,0,18-25,3K-6K,2-5 years
42,Research & Development,Male,Single,Travel_Frequently,Life Sciences,12,4,4,3,4,2,No,3320,3,10,3,3,2,6,5,3,25,Research Director,No,0,36-45,3K-6K,2-5 years
27,Research & Development,Female,Married,Travel_Rarely,Life Sciences,12,1,3,2,1,4,No,12093,3,4,11,8,2,0,3,3,20,Research Director,No,0,26-35,10K+,10+ years
23,Research & Development,Female,Single,Travel_Rarely,Life Sciences,12,1,1,1,3,1,No,2875,2,12,4,6,4,5,5,4,18,Healthcare Representative,No,0,18-25,< 3K,2-5 years
35,Research & Development,Female,Married,Travel_Rarely,Marketing,9,2,2,4,3,3,Yes,13922,3,22,8,9,5,4,2,3,14,Laboratory Technician,No,0,26-35,10K+,6-10 years
37,Research & Development,Female,Married,Travel_Rarely,Technical Degree,2,3,2,1,4,3,Yes,10891,5,18,1,13,1,0,1,4,24,Research Scientist,No,0,36-45,10K+,0-1 years
30,Research & Development,Female,Married,Travel_Rarely,Medical,7,1,2,2,3,3,Yes,11797,1,11,6,14,0,11,7,4,14,Manufacturing Director,No,0,26-35,10K+,6-10 years
43,Research & Development,Male,Married,Travel_Rarely,Life Sciences,6,3,4,4,3,3,No,7581,3,27,14,7,4,7,5,3,13,Laboratory Technician,No,0,36-45,6K-10K,10+ years
24,Sales,Female,Single,Travel_Rarely,Marketing,20,1,3,2,4,2,No,1627,1,33,5,2,2,1,3,4,22,Sales Manager,No,0,18-25,< 3K,2-5 years
32,Research & Development,Female,Divorced,Travel_Frequently,Life Sciences,17,2,4,2,4,2,Yes,2936,2,7,3,4,2,6,2,3,24,Healthcare Representative,No,0,26-35,< 3K,2-5 years
31,Research & Development,Male,Married,Travel_Frequently,Marketing,5,1,1,4,3,4,No,6156,6,9,1,10,6,0,3,3,25,Research Scientist,No,0,26-35,6K-10K,0-1 years
36,Sales,Male,Married,Travel_Frequently,Medical,14,4,3,1,3,2,Yes,3586,2,17,6,0,4,1,2,3,22,Sales Executive,No,0,36-45,3K-6K,6-10 years
39,Sales,Male,Single,Travel_Rarely,Life Sciences,8,1,2,1,3,3,No,4372,2,4,14,10,3,9,5,3,25,Sales Manager,No,0,36-45,3K-6K,10+ years
27,Research & Development,Male,Married,Travel_Rarely,Life Sciences,1,2,4,3,3,3,No,7284,2,18,0,3,3,5,4,3,16,Manufacturing Director,No,0,26-35,6K-10K,0-1 years
43,Research & Development,Male,Divorced,Travel_Frequently,Technical Degree,1,1,4,4,1,1,No,4736,2,12,6,5,5,5,5,3,12,Healthcare Representative,No,0,36-45,3K-6K,6-10 years
37,Research & Development,Male,Single,Travel_Rarely,Other,13,4,3,4,3,4,No,2660,3,14,0,1,0,8,6,4,14,Healthcare Representative,No,0,36-45,< 3K,0-1 years
19,Research & Development,Female,Single,Travel_Rarely,Medical,3,3,4,4,3,4,No,8464,3,6,4,0,0,6,4,3,13,Laboratory Technician,No,0,18-25,6K-10K,2-5 years
18,Sales,Male,Single,Travel_Rarely,Other,3,1,1,4,2,4,No,6902,3,5,8,3,2,3,5,4,22,Sales Manager,No,0,18-25,6K-10K,6-10 years
36,Human Resources,Female,Married,Travel_Frequently,Other,4,1,2,1,2,4,No,4534,1,0,0,9,0,8,3,3,17,Human Resources,No,0,36-45,3K-6K,0-1 years
34,Research & Development,Male,Divorced,Travel_Rarely,Life Sciences,13,2,4,3,3,3,No,7689,2,23,3,1,2,0,2,4,17,Research Director,No,0,26-35,6K-10K,2-5 years
35,Sales,Female,Married,Travel_Rarely,Marketing,17,2,2,1,2,4,Yes,5479,3,19,8,10,3,1,2,3,24,Sales Manager,No,0,26-35,3K-6K,6-10 years
36,Research & Development,Male,Married,Travel_Rarely,Life Sciences,17,3,4,4,3,2,No,10815,0,16,7,2,2,4,2,4,25,Research Scientist,No,0,36-45,10K+,6-10 years
38,Research & Development,Male,Married,Travel_Rarely,Medical,1,2,2,4,3,1,No,5651,1,14,8,0,1,6,3,3,13,Healthcare Representative,No,0,36-45,3K-6K,6-10 years
45,Sales,Male,Married,Travel_Rarely,Life Sciences,4,2,4,2,3,3,No,10771,2,0,0,5,7,3,4,3,23,Sales Manager,No,0,36-45,10K+,0-1 years
26,Research & Development,Female,Single,Travel_Rarely,Other,4,3,2,4,2,2,No,1855,2,5,8,7,5,0,3,3,20,Healthcare Representative,No,0,26-35,< 3K,6-10 years
25,Research & Development,Male,Single,Travel_Rarely,Marketing,13,2,2,3,3,3,No,6694,4,9,2,5,2,0,2,3,22,Healthcare Representative,No,0,18-25,6K-10K,2-5 years
26,Research & Development,Female,Married,Travel_Frequently,Life Sciences,4,1,3,1,3,3,No,4178,0,2,10,5,3,4,6,3,25,Research Director,No,0,26-35,3K-6K,6-10 years
39,Human Resources,Male,Married,Travel_Frequently,Life Sciences,7,1,4,3,3,3,No,3242,0,0,0,10,7,2,5,3,16,Human Resources,No,0,36-45,3K-6K,0-1 years
47,Research & Development,Male,Married,Travel_Rarely,Medical,14,1,3,4,3,4,Yes,9834,3,3,4,4,1,0,3,4,23,Laboratory Technician,No,0,46-60,6K-10K,2-5 years
32,Research & Development,Male,Married,Non-Travel,Marketing,8,2,3,2,4,2,No,8480,3,11,7,2,0,0,2,3,21,Manufacturing Director,No,0,26-35,6K-10K,6-10 years
18,Research & Development,Female,Divorced,Travel_Rarely,Human Resources,10,1,1,1,1,2,Yes,1725,2,11,14,0,3,5,3,4,20,Research Director,No,0,18-25,< 3K,10+ years
21,Research & Development,Male,Single,Travel_Frequently,Life Sciences,7,2,1,4,3,3,No,7707,1,18,7,9,4,9,3,3,22,Healthcare Representative,No,0,18-25,6K-10K,6-10 years
29,Research & Development,Male,Married,Travel_Rarely,Medical,16,1,1,2,2,4,No,7210,2,28,7,2,4,5,0,3,22,Healthcare Representative,No,0,26-35,6K-10K,6-10 years
31,Sales,Male,Single,Travel_Rarely,Medical,17,3,4,3,4,4,No,3494,1,16,8,3,5,9,5,3,17,Sales Representative,No,0,26-35,3K-6K,6-10 years
32,Sales,Male,Divorced,Travel_Rarely,Life Sciences,12,1,2,4,1,2,No,3285,3,10,14,8,0,3,4,4,24,Sales Executive,No,0,26-35,3K-6K,10+ years
36,Sales,Male,Married,Travel_Rarely,Medical,17,2,2,3,3,4,No,2168,2,25,4,12,0,6,3,3,12,Sales Representative,No,0,36-45,< 3K,2-5 years
33,Sales,Female,Single,Travel_Rarely,Life Sciences,29,1,3,2,3,3,No,4319,1,0,0,5,1,9,6,3,13,Sales Representative,Yes,1,26-35,3K-6K,0-1 years
45,Research & Development,Male,Single,Travel_Rarely,Life Sciences,14,1,3,1,2,4,Yes,4716,4,0,0,3,4,3,2,4,22,Research Scientist,No,0,36-45,3K-6K,0-1 years
30,Research & Development,Male,Married,Travel_Rarely,Life Sciences,8,1,3,4,4,1,No,8061,2,4,10,4,0,4,4,3,17,Research Scientist,No,0,26-35,6K-10K,6-10 years
28,Research & Development,Female,Married,Travel_Rarely,Human Resources,10,2,1,3,2,3,Yes,6030,1,17,7,2,0,3,2,4,15,Healthcare Representative,No,0,26-35,6K-10K,6-10 years
40,Research & Development,Male,Married,Travel_Rarely,Life Sciences,18,3,3,3,2,3,Yes,2903,1,12,4,3,3,6,2,3,18,Laboratory Technician,No,0,36-45,< 3K,2-5 years
22,Sales,Male,Single,Non-Travel,Life Sciences,6,1,4,4,3,3,No,5930,4,2,2,3,1,8,2,3,12,Sales Executive,No,0,18-25,3K-6K,2-5 years
40,Sales,Female,Divorced,Travel_Rarely,Marketing,5,3,2,1,3,2,No,4522,3,5,7,8,0,5,3,3,11,Sales Executive,No,0,36-45,3K-6K,6-10 years
37,Human Resources,Female,Married,Non-Travel,Other,10,2,4,4,2,3,No,3110,1,1,7,4,3,3,0,3,11,Human Resources,No,0,36-45,3K-6K,6-10 years
35,Research & Development,Female,Married,Travel_Rarely,Medical,8,2,1,4,2,3,Yes,2169,5,1,9,9,1,0,2,3,24,Research Scientist,No,0,26-35,< 3K,6-10 years
50,Research & Development,Male,Married,Travel_Rarely,Life Sciences,4,2,4,4,2,3,No,7332,3,23,0,4,8,4,0,3,15,Manufacturing Director,No,0,46-60,6K-10K,0-1 years
30,Research & Development,Female,Divorced,Travel_Rarely,Medical,9,1,4,2,4,3,Yes,6647,1,10,0,3,3,3,7,3,24,Research Scientist,No,0,26-35,6K-10K,0-1 years
55,Research & Development,Male,Divorced,Travel_Rarely,Medical,21,3,1,2,3,2,Yes,7063,2,25,1,9,4,5,1,3,18,Research Scientist,No,0,46-60,6K-10K,0-1 years
34,Research & Development,Female,Married,Travel_Rarely,Medical,11,3,3,3,2,4,Yes,3484,3,4,0,4,2,4,3,3,15,Research Director,No,0,26-35,3K-6K,0-1 years
25,Research & Development,Female,Married,Travel_Frequently,Life Sciences,3,3,3,4,3,3,No,5713,2,15,0,3,1,10,1,3,11,Manufacturing Director,No,0,18-25,3K-6K,0-1 years
37,Research & Development,Female,Married,Travel_Rarely,Life Sciences,13,1,4,4,4,3,No,2441,3,13,15,4,1,1,1,3,12,Laboratory Technician,No,0,36-45,< 3K,10+ years
26,Sales,Male,Divorced,Travel_Frequently,Life Sciences,6,2,3,2,4,4,Yes,3022,4,18,0,10,6,0,1,3,19,Sales Executive,No,0,26-35,3K-6K,0-1 years
29,Research & Development,Male,Married,Travel_Rarely,Medical,29,1,3,3,1,3,Yes,5297,5,13,9,5,5,0,2,3,20,Manufacturing Director,No,0,26-35,3K-6K,6-10 years
40,Research & Development,Female,Single,Travel_Rarely,Life Sciences,12,2,2,1,3,2,No,6007,4,19,11,9,0,1,2,3,24,Laboratory Technician,No,0,36-45,6K-10K,10+ years
41,Sales,Male,Single,Travel_Rarely,Life Sciences,5,1,1,3,2,3,No,2123,3,15,12,3,0,8,5,3,13,Sales Executive,No,0,36-45,< 3K,10+ years
30,Research & Development,Male,Divorced,Non-Travel,Medical,13,1,3,4,2,4,Yes,2907,1,2,8,8,0,0,4,4,19,Laboratory Technician,No,0,26-35,< 3K,6-10 years
45,Sales,Female,Divorced,Travel_Rarely,Marketing,10,2,3,4,4,1,No,4253,2,17,14,5,6,0,3,3,12,Sales Executive,No,0,36-45,3K-6K,10+ years
46,Sales,Female,Divorced,Travel_Rarely,Life Sciences,19,4,4,2,4,3,No,8810,1,10,17,8,0,6,3,3,18,Sales Representative,No,0,46-60,6K-10K,10+ years
49,Research & Development,Male,Married,Travel_Rarely,Medical,5,1,4,4,1,2,No,3325,0,5,4,8,5,7,3,3,13,Manufacturing Director,No,0,46-60,3K-6K,2-5 years
41,Sales,Male,Divorced,Travel_Rarely,Medical,12,2,3,1,4,4,Yes,5618,4,17,9,0,4,0,2,3,14,Sales Representative,No,0,36-45,3K-6K,6-10 years
48,Research & Development,Male,Divorced,Non-Travel,Life Sciences,2,2,3,3,3,3,No,5951,4,18,14,4,3,0,1,4,17,Healthcare Representative,No,0,46-60,3K-6K,10+ years
19,Sales,Male,Single,Travel_Frequently,Other,9,4,4,3,3,4,No,4533,1,7,1,8,1,1,2,3,17,Sales Executive,No,0,18-25,3K-6K,0-1 years
33,Sales,Male,Single,Travel_Rarely,Human Resources,3,2,4,3,3,3,No,6026,3,8,5,8,6,7,3,3,12,Sales Executive,No,0,26-35,6K-10K,2-5 years
28,Sales,Female,Divorced,Non-Travel,Life Sciences,9,1,4,4,3,1,No,2482,2,0,2,9,3,5,2,3,20,Sales Representative,No,0,26-35,< 3K,2-5 years
37,Research & Development,Female,Single,Travel_Frequently,Life Sciences,11,1,4,3,4,3,No,3625,2,0,9,4,0,1,3,4,17,Laboratory Technician,No,0,36-45,3K-6K,6-10 years
31,Research & Development,Male,Married,Travel_Rarely,Life Sciences,12,2,3,1,2,4,No,11445,1,9,0,10,0,7,2,3,23,Research Scientist,No,0,26-35,10K+,0-1 years
35,Sales,Male,Married,Travel_Rarely,Life Sciences,5,1,4,1,3,2,No,11897,3,17,15,1,0,4,1,3,20,Sales Executive,No,0,26-35,10K+,10+ years
53,Human Resources,Female,Married,Travel_Rarely,Medical,9,4,3,3,2,2,Yes,8267,3,6,9,0,6,4,3,3,24,Human Resources,No,0,46-60,6K-10K,6-10 years
34,Research & Development,Female,Single,Travel_Rarely,Human Resources,18,4,1,3,3,3,No,9525,0,22,10,3,7,0,7,3,11,Research Director,No,0,26-35,6K-10K,6-10 years
40,Sales,Female,Married,Travel_Rarely,Technical Degree,25,4,3,3,1,3,No,1905,3,9,0,9,6,1,3,4,17,Sales Executive,No,0,36-45,< 3K,0-1 years
34,Research & Development,Male,Single,Travel_Rarely,Life Sciences,9,1,3,2,3,1,No,3086,2,9,0,0,2,12,2,3,23,Manufacturing Director,No,0,26-35,3K-6K,0-1 years
37,Sales,Female,Divorced,Non-Travel,Medical,18,3,3,1,3,2,No,4382,1,9,15,0,0,3,3,3,13,Sales Executive,No,0,36-45,3K-6K,10+ years
36,Human Resources,Male,Single,Non-Travel,Life Sciences,4,2,2,4,2,3,Yes,19634,4,19,5,0,0,0,5,3,14,HR Manager,No,0,36-45,10K+,2-5 years
40,Research & Development,Male,Married,Travel_Rarely,Medical,6,1,4,3,2,3,No,4377,4,3,0,7,0,2,5,3,21,Manufacturing Director,No,0,36-45,3K-6K,0-1 years
46,Research & Development,Female,Divorced,Travel_Rarely,Life Sciences,10,1,3,3,2,3,No,7833,3,10,7,0,2,4,2,4,11,Laboratory Technician,No,0,46-60,6K-10K,6-10 years
51,Research & Development,Male,Single,Travel_Rarely,Other,8,1,3,3,3,3,No,6403,0,7,10,6,7,8,4,3,25,Research Director,No,0,46-60,6K-10K,6-10 years
39,Research & Development,Male,Single,Travel_Rarely,Technical Degree,7,1,1,2,2,4,No,6325,2,7,9,3,7,6,4,3,25,Healthcare Representative,No,0,36-45,6K-10K,6-10 years
41,Research & Development,Male,Married,Travel_Rarely,Life Sciences,17,4,3,2,3,2,Yes,5133,1,11,5,1,1,1,2,3,25,Research Scientist,No,0,36-45,3K-6K,2-5 years
26,Research & Development,Male,Single,Travel_Rarely,Medical,3,3,1,1,3,3,Yes,2688,2,10,13,0,0,9,1,3,22,Healthcare Representative,No,0,26-35,< 3K,10+ years
35,Research & Development,Male,Single,Travel_Rarely,Medical,4,1,2,3,4,3,No,1500,5,19,2,5,0,7,3,4,25,Healthcare Representative,No,0,26-35,< 3K,2-5 years
44,Research & Development,Female,Married,Travel_Rarely,Marketing,2,2,2,2,3,3,No,10524,4,11,9,1,6,2,2,3,25,Manufacturing Director,No,0,36-45,10K+,6-10 years
44,Research & Development,Male,Divorced,Travel_Rarely,Medical,10,1,4,2,2,3,No,3705,2,15,7,4,3,3,1,3,14,Research Scientist,No,0,36-45,3K-6K,6-10 years
38,Sales,Male,Married,Travel_Rarely,Life Sciences,6,1,3,4,4,3,No,1862,4,12,5,6,1,6,0,3,13,Sales Manager,No,0,36-45,< 3K,2-5 years
44,Sales,Female,Married,Non-Travel,Medical,16,1,3,2,4,4,No,6616,1,22,4,6,1,8,6,3,23,Sales Representative,No,0,36-45,6K-10K,2-5 years
40,Research & Development,Male,Divorced,Travel_Rarely,Life Sciences,10,2,4,3,3,2,No,6547,3,9,4,8,0,0,5,3,17,Research Scientist,No,0,36-45,6K-10K,2-5 years
47,Sales,Female,Married,Travel_Rarely,Medical,5,2,3,2,3,2,No,7933,5,9,6,5,0,4,4,3,11,Sales Representative,No,0,46-60,6K-10K,6-10 years
39,Research & Development,Male,Married,Travel_Rarely,Life Sciences,5,3,4,2,1,3,No,9605,1,17,4,0,9,4,4,3,17,Manufacturing Director,No,0,36-45,6K-10K,2-5 years
33,Research & Development,Male,Married,Travel_Rarely,Medical,7,4,1,1,3,3,No,3137,0,8,10,6,8,2,4,4,11,Research Scientist,No,0,26-35,3K-6K,6-10 years
39,Research & Development,Male,Single,Travel_Rarely,Technical Degree,3,1,2,4,3,2,No,3214,2,15,3,7,0,2,2,3,19,Laboratory Technician,No,0,36-45,3K-6K,2-5 years
18,Research & Development,Female,Married,Travel_Rarely,Life Sciences,17,3,1,3,2,4,No,4364,1,30,15,3,0,8,4,4,21,Healthcare Representative,No,0,18-25,3K-6K,10+ years
39,Research & Development,Male,Married,Travel_Rarely,Life Sciences,6,1,3,4,1,4,No,8171,6,3,3,3,3,6,4,3,11,Healthcare Representative,No,0,36-45,6K-10K,2-5 years
18,Research & Development,Female,Single,Travel_Rarely,Marketing,2,1,4,4,2,3,Yes,1636,3,23,12,14,2,12,3,4,12,Research Scientist,No,0,18-25,< 3K,10+ years
20,Sales,Male,Married,Travel_Rarely,Life Sciences,20,2,3,1,3,3,No,5580,2,7,12,0,4,2,4,3,24,Sales Executive,No,0,18-25,3K-6K,10+ years
40,Sales,Male,Single,Travel_Rarely,Medical,7,1,3,3,2,1,No,8683,5,22,7,6,5,5,5,3,16,Sales Manager,No,0,36-45,6K-10K,6-10 years
40,Research & Development,Male,Married,Travel_Rarely,Medical,13,1,2,1,3,3,No,8488,0,16,6,8,0,5,1,3,11,Research Scientist,No,0,36-45,6K-10K,6-10 years
26,Research & Development,Male,Single,Travel_Rarely,Life Sciences,5,1,4,3,3,3,Yes,7678,4,16,2,3,6,8,2,4,11,Manufacturing Director,No,0,26-35,6K-10K,2-5 years
30,Research & Development,Male,Married,Travel_Rarely,Technical Degree,20,1,3,4,2,4,No,9331,4,10,3,3,1,9,3,4,16,Manufacturing Director,No,0,26-35,6K-10K,2-5 years
48,Sales,Male,Married,Travel_Rarely,Medical,4,4,2,1,1,3,Yes,1500,2,9,7,2,4,4,5,3,12,Sales Manager,No,0,46-60,< 3K,6-10 years
32,Sales,Male,Married,Travel_Rarely,Medical,6,1,4,4,2,2,No,12630,0,5,6,4,2,0,2,3,13,Sales Executive,No,0,26-35,10K+,6-10 years
56,Research & Development,Female,Single,Travel_Rarely,Life Sciences,1,2,3,3,3,2,No,6236,1,11,13,8,5,1,4,4,14,Research Scientist,No,0,46-60,6K-10K,10+ years
36,Research & Development,Male,Single,Travel_Rarely,Life Sciences,20,5,2,2,3,2,No,10834,3,10,3,3,0,5,5,3,21,Research Director,No,0,36-45,10K+,2-5 years
40,Research & Development,Male,Divorced,Travel_Rarely,Life Sciences,5,2,1,1,3,4,No,2725,2,13,4,16,5,8,2,3,19,Laboratory Technician,No,0,36-45,< 3K,2-5 years
51,Research & Development,Male,Single,Travel_Rarely,Human Resources,10,2,1,3,4,4,No,1982,5,0,0,2,0,0,2,3,22,Laboratory Technician,No,0,46-60,< 3K,0-1 years
37,Sales,Male,Married,Travel_Rarely,Technical Degree,12,4,4,3,4,4,No,13890,0,11,10,10,3,0,4,3,15,Sales Manager,No,0,36-45,10K+,6-10 years
27,Sales,Male,Married,Travel_Rarely,Marketing,18,1,3,2,2,4,No,3124,2,21,9,6,6,7,0,3,12,Sales Representative,No,0,26-35,3K-6K,6-10 years
35,Research & Development,Female,Single,Travel_Frequently,Life Sciences,10,1,4,3,3,2,No,4383,2,19,12,4,0,0,4,3,19,Manufacturing Director,No,0,26-35,3K-6K,10+ years
36,Research & Development,Male,Married,Non-Travel,Medical,8,2,1,1,3,3,No,6950,3,11,12,10,0,0,5,3,25,Research Scientist,No,0,36-45,6K-10K,10+ years
24,Research & Development,Female,Married,Non-Travel,Marketing,16,2,3,4,3,3,No,7955,3,31,11,0,1,9,3,3,20,Healthcare Representative,No,0,18-25,6K-10K,10+ years
34,Research & Development,Male,Single,Travel_Rarely,Medical,11,3,4,2,2,2,Yes,9410,1,6,11,6,1,3,2,3,14,Research Scientist,No,0,26-35,6K-10K,10+ years
29,Research & Development,Male,Divorced,Travel_Rarely,Life Sciences,7,1,3,3,2,3,No,5880,6,10,10,1,0,3,4,3,11,Manufacturing Director,No,0,26-35,3K-6K,6-10 years
44,Research & Development,Female,Single,Travel_Rarely,Human Resources,20,2,3,4,3,3,No,2912,4,0,11,2,3,9,3,3,12,Laboratory Technician,No,0,36-45,< 3K,10+ years
36,Sales,Male,Married,Travel_Rarely,Life Sciences,12,3,3,4,3,4,No,7670,0,8,0,2,3,0,1,3,23,Sales Manager,No,0,36-45,6K-10K,0-1 years
33,Research & Development,Male,Married,Travel_Rarely,Life Sciences,3,5,3,4,2,2,Yes,7737,2,25,0,0,4,0,2,3,15,Healthcare Representative,No,0,26-35,6K-10K,0-1 years
35,Research & Development,Female,Married,Travel_Rarely,Human Resources,23,1,4,4,2,4,No,1916,2,8,0,0,0,11,1,3,11,Healthcare Representative,Yes,1,26-35,< 3K,0-1 years
38,Research & Development,Female,Divorced,Travel_Rarely,Medical,5,1,2,1,3,4,No,11347,2,0,14,6,0,5,5,3,16,Healthcare Representative,No,0,36-45,10K+,10+ years
42,Research & Development,Female,Single,Travel_Rarely,Life Sciences,17,4,3,2,3,4,No,1500,4,18,1,4,2,7,2,3,24,Laboratory Technician,No,0,36-45,< 3K,0-1 years
27,Sales,Male,Divorced,Travel_Rarely,Medical,2,2,3,3,3,1,No,9185,2,14,2,3,2,3,4,3,17,Sales Representative,No,0,26-35,6K-10K,2-5 years
27,Research & Development,Male,Married,Travel_Rarely,Other,16,1,2,1,1,2,No,3669,2,18,6,7,2,4,2,3,25,Research Director,No,0,26-35,3K-6K,6-10 years
46,Sales,Female,Divorced,Non-Travel,Life Sciences,3,1,1,4,2,3,No,7665,4,9,0,6,0,1,5,3,18,Sales Manager,No,0,46-60,6K-10K,0-1 years
32,Sales,Female,Divorced,Travel_Rarely,Marketing,10,3,4,1,3,3,Yes,6884,3,3,8,3,3,5,1,3,24,Sales Manager,No,0,26-35,6K-10K,6-10 years
23,Research & Development,Male,Divorced,Travel_Rarely,Life Sciences,12,2,2,4,3,1,No,5095,1,10,0,16,0,7,1,3,14,Research Director,No,0,18-25,3K-6K,0-1 years
40,Research & Development,Male,Married,Non-Travel,Life Sciences,7,2,2,4,1,3,No,6664,0,15,0,8,2,5,2,3,19,Research Scientist,No,0,36-45,6K-10K,0-1 years
40,Human Resources,Male,Married,Travel_Rarely,Medical,8,4,3,3,3,1,No,4959,3,10,7,14,2,8,4,3,18,Human Resources,No,0,36-45,3K-6K,6-10 years
22,Research & Development,Male,Married,Travel_Rarely,Medical,3,1,1,3,3,3,Yes,7701,3,14,0,2,2,7,3,3,22,Research Scientist,No,0,18-25,6K-10K,0-1 years
38,Research & Development,Female,Married,Travel_Rarely,Life Sciences,15,1,1,4,3,4,No,17297,0,7,14,5,6,0,3,4,13,Manufacturing Director,No,0,36-45,10K+,10+ years
43,Sales,Male,Married,Travel_Rarely,Life Sciences,10,2,1,4,2,3,No,2487,6,14,6,0,0,3,4,3,13,Sales Manager,No,0,36-45,< 3K,6-10 years
39,Sales,Male,Married,Travel_Rarely,Medical,4,4,1,4,3,4,No,1500,1,11,13,3,0,2,4,3,14,Sales Manager,No,0,36-45,< 3K,10+ years
42,Research & Development,Male,Single,Travel_Frequently,Medical,10,1,3,4,4,3,No,4137,3,5,8,2,1,7,2,4,25,Healthcare Representative,No,0,36-45,3K-6K,6-10 years
23,Research & Development,Male,Divorced,Travel_Frequently,Marketing,11,2,4,1,3,3,No,3985,3,12,6,16,0,6,1,3,24,Healthcare Representative,No,0,18-25,3K-6K,6-10 years
39,Research & Development,Male,Single,Travel_Frequently,Technical Degree,9,1,2,1,2,2,No,4225,4,8,0,1,0,5,8,3,11,Research Director,No,0,36-45,3K-6K,0-1 years
33,Sales,Male,Divorced,Non-Travel,Life Sciences,1,1,3,1,1,3,No,3124,9,16,12,3,8,8,2,3,17,Sales Executive,No,0,26-35,3K-6K,10+ years
32,Research & Development,Male,Single,Travel_Rarely,Medical,6,4,3,3,1,3,Yes,8402,3,18,9,0,4,0,1,4,19,Healthcare Representative,No,0,26-35,6K-10K,6-10 years
44,Research & Development,Female,Single,Travel_Frequently,Medical,15,1,2,3,4,4,No,2433,3,15,19,6,5,2,3,3,24,Healthcare Representative,No,0,36-45,< 3K,10+ years
49,Sales,Male,Divorced,Travel_Rarely,Medical,12,1,3,2,4,4,No,6663,1,0,11,0,2,2,8,3,17,Sales Executive,No,0,46-60,6K-10K,10+ years
52,Human Resources,Male,Divorced,Travel_Rarely,Life Sciences,12,3,2,4,1,1,No,7388,2,3,4,8,4,5,4,3,22,Human Resources,No,0,46-60,6K-10K,2-5 years
48,Sales,Male,Married,Travel_Frequently,Life Sciences,10,1,2,1,4,2,No,6189,2,6,8,0,1,6,4,3,22,Sales Executive,No,0,46-60,6K-10K,6-10 years
35,Research & Development,Male,Divorced,Travel_Frequently,Life Sciences,16,2,2,4,2,3,No,6798,4,5,9,4,5,4,3,3,18,Manufacturing Director,No,0,26-35,6K-10K,6-10 years
39,Research & Development,Male,Single,Travel_Frequently,Life Sciences,5,3,1,3,3,3,No,8765,1,7,13,0,3,0,3,3,22,Manufacturing Director,No,0,36-45,6K-10K,10+ years
43,Sales,Male,Divorced,Travel_Rarely,Other,4,1,4,2,3,2,No,5355,1,18,14,2,2,6,3,4,12,Sales Representative,No,0,36-45,3K-6K,10+ years
37,Sales,Male,Married,Travel_Rarely,Medical,27,2,4,1,3,2,No,4298,2,17,5,3,3,5,3,3,15,Sales Representative,No,0,36-45,3K-6K,2-5 years
37,Research & Development,Male,Married,Travel_Rarely,Medical,5,1,4,4,3,2,No,6795,4,8,0,2,7,0,5,3,23,Healthcare Representative,No,0,36-45,6K-10K,0-1 years
43,Research & Development,Female,Married,Travel_Rarely,Medical,3,1,1,4,3,3,Yes,7234,1,16,0,2,3,3,2,3,13,Research Director,No,0,36-45,6K-10K,0-1 years
35,Research & Development,Male,Single,Travel_Frequently,Medical,7,2,4,2,2,1,No,8482,0,14,0,8,0,5,1,3,18,Laboratory Technician,Yes,1,26-35,6K-10K,0-1 years
29,Research & Development,Male,Married,Travel_Frequently,Medical,9,1,3,3,4,3,No,2028,1,11,2,13,4,11,4,3,22,Healthcare Representative,No,0,26-35,< 3K,2-5 years
32,Research & Development,Male,Married,Travel_Rarely,Medical,16,3,1,3,2,3,No,4701,0,20,15,5,4,0,5,3,18,Manufacturing Director,No,0,26-35,3K-6K,10+ years
42,Research & Development,Male,Single,Travel_Rarely,Medical,6,4,4,2,1,3,Yes,2894,2,6,15,1,2,7,2,3,25,Research Director,No,0,36-45,< 3K,10+ years
36,Research & Development,Male,Divorced,Travel_Rarely,Life Sciences,6,3,4,3,4,3,No,7079,4,11,12,4,2,0,4,3,23,Manufacturing Director,No,0,36-45,6K-10K,10+ years
39,Sales,Male,Married,Travel_Rarely,Medical,8,1,1,3,3,2,No,7755,1,3,13,3,0,0,1,3,12,Sales Manager,No,0,36-45,6K-10K,10+ years
42,Research & Development,Male,Single,Travel_Rarely,Medical,5,1,4,4,3,4,No,4472,3,3,2,8,3,0,4,3,18,Laboratory Technician,No,0,36-45,3K-6K,2-5 years
33,Research & Development,Male,Married,Non-Travel,Marketing,2,4,1,4,2,3,No,3482,3,0,0,5,0,6,5,3,21,Healthcare Representative,No,0,26-35,3K-6K,0-1 years
43,Research & Development,Female,Single,Travel_Rarely,Other,3,2,3,1,1,4,No,7221,2,3,0,0,2,5,4,3,22,Laboratory Technician,No,0,36-45,6K-10K,0-1 years
39,Research & Development,Female,Single,Non-Travel,Marketing,19,3,1,4,2,3,No,4833,1,12,0,8,0,3,3,3,18,Manufacturing Director,No,0,36-45,3K-6K,0-1 years
25,Research & Development,Female,Married,Travel_Rarely,Medical,14,3,1,2,3,3,Yes,11395,1,9,0,8,5,6,3,3,17,Research Scientist,No,0,18-25,10K+,0-1 years
49,Research & Development,Male,Single,Travel_Frequently,Life Sciences,8,1,4,4,3,2,Yes,13788,1,9,3,10,7,4,3,3,15,Manufacturing Director,No,0,46-60,10K+,2-5 years
31,Research & Development,Male,Single,Travel_Rarely,Medical,12,1,3,3,3,3,No,9016,1,9,7,2,0,4,2,3,16,Research Scientist,No,0,26-35,6K-10K,6-10 years
21,Research & Development,Male,Married,Travel_Rarely,Technical Degree,14,2,2,1,4,3,No,5910,0,25,7,5,2,3,4,3,11,Manufacturing Director,No,0,18-25,3K-6K,6-10 years
27,Sales,Male,Single,Travel_Rarely,Other,5,2,4,4,4,3,Yes,14193,2,2,2,0,2,0,1,4,23,Sales Representative,No,0,26-35,10K+,2-5 years
27,Research & Development,Male,Divorced,Travel_Rarely,Technical Degree,3,1,4,1,2,2,Yes,5936,3,1,9,4,4,11,1,3,21,Research Director,No,0,26-35,3K-6K,6-10 years
36,Sales,Male,Divorced,Non-Travel,Life Sciences,18,2,4,4,4,2,No,3995,2,4,2,6,3,10,1,3,15,Sales Executive,No,0,36-45,3K-6K,2-5 years
34,Sales,Male,Single,Travel_Rarely,Marketing,1,3,4,4,4,1,Yes,3587,0,10,6,1,1,10,3,3,12,Sales Executive,No,0,26-35,3K-6K,6-10 years
33,Sales,Male,Married,Travel_Rarely,Technical Degree,12,1,4,3,4,3,No,3532,0,15,0,5,3,2,3,3,18,Sales Manager,No,0,26-35,3K-6K,0-1 years
42,Research & Development,Male,Single,Travel_Rarely,Medical,10,1,3,3,3,3,No,5182,7,16,13,5,2,1,4,4,23,Research Director,No,0,36-45,3K-6K,10+ years
39,Research & Development,Female,Married,Travel_Rarely,Medical,17,3,2,3,2,4,No,6708,1,19,6,2,7,2,4,3,25,Research Director,No,0,36-45,6K-10K,6-10 years
39,Research & Development,Male,Single,Travel_Rarely,Medical,13,3,4,3,2,2,No,2388,5,10,10,10,0,8,6,4,14,Manufacturing Director,No,0,36-45,< 3K,6-10 years
40,Sales,Female,Divorced,Travel_Rarely,Medical,12,4,1,1,4,1,Yes,4062,1,8,0,3,3,4,5,3,17,Sales Executive,No,0,36-45,3K-6K,0-1 years
42,Research & Development,Male,Single,Travel_Rarely,Life Sciences,4,1,1,4,3,2,Yes,5846,3,24,7,5,4,2,2,3,19,Manufacturing Director,No,0,36-45,3K-6K,6-10 years
18,Human Resources,Male,Married,Travel_Rarely,Life Sciences,15,4,3,2,4,2,Yes,7409,1,0,9,0,4,5,4,3,19,HR Manager,No,0,18-25,6K-10K,6-10 years
33,Research & Development,Male,Single,Travel_Frequently,Technical Degree,11,3,2,2,3,3,No,5126,3,12,0,6,2,1,3,3,15,Laboratory Technician,No,0,26-35,3K-6K,0-1 years
18,Sales,Male,Single,Travel_Frequently,Other,4,3,3,1,2,1,No,5948,0,14,13,2,7,0,2,3,23,Sales Manager,No,0,18-25,3K-6K,10+ years
36,Research & Development,Male,Married,Travel_Frequently,Technical Degree,10,1,4,4,3,4,Yes,2631,3,26,0,8,0,5,0,3,21,Laboratory Technician,Yes,1,36-45,< 3K,0-1 years
36,Research & Development,Male,Married,Travel_Frequently,Life Sciences,3,1,3,4,4,4,No,3149,1,0,7,0,0,2,3,3,23,Manufacturing Director,No,0,36-45,3K-6K,6-10 years
45,Research & Development,Female,Divorced,Travel_Frequently,Life Sciences,7,2,3,2,1,3,No,5029,0,8,17,6,4,4,1,3,12,Manufacturing Director,No,0,36-45,3K-6K,10+ years
47,Research & Development,Male,Single,Travel_Rarely,Life Sciences,29,1,3,2,3,4,Yes,6886,2,0,12,0,0,0,1,3,21,Laboratory Technician,No,0,46-60,6K-10K,10+ years
38,Research & Development,Male,Single,Non-Travel,Technical Degree,3,1,4,4,4,3,Yes,5905,2,0,0,6,0,0,5,4,16,Research Scientist,No,0,36-45,3K-6K,0-1 years
31,Research & Development,Female,Married,Travel_Rarely,Medical,2,4,1,3,2,4,No,3260,3,9,5,3,1,4,2,4,22,Laboratory Technician,No,0,26-35,3K-6K,2-5 years
40,Research & Development,Male,Married,Travel_Rarely,Other,3,1,1,4,2,2,No,4566,1,18,13,6,0,0,7,3,18,Research Scientist,No,0,36-45,3K-6K,10+ years
31,Research & Development,Male,Divorced,Travel_Frequently,Life Sciences,7,4,3,4,3,4,No,11943,3,21,1,2,4,0,4,3,18,Healthcare Representative,No,0,26-35,10K+,0-1 years
36,Research & Development,Male,Divorced,Travel_Rarely,Medical,13,2,3,4,4,2,Yes,7015,1,7,4,0,5,4,0,3,19,Laboratory Technician,Yes,1,36-45,6K-10K,2-5 years
45,Human Resources,Male,Divorced,Travel_Rarely,Marketing,9,3,3,1,3,3,No,4755,2,16,4,2,3,7,4,4,14,Human Resources,No,0,36-45,3K-6K,2-5 years
31,Research & Development,Male,Single,Travel_Rarely,Life Sciences,2,1,2,3,1,4,Yes,2958,4,9,9,5,6,0,1,3,19,Laboratory Technician,No,0,26-35,< 3K,6-10 years
43,Research & Development,Male,Married,Travel_Rarely,Other,13,2,1,4,2,3,No,3512,0,15,0,6,0,3,1,4,24,Laboratory Technician,No,0,36-45,3K-6K,0-1 years
42,Research & Development,Female,Married,Non-Travel,Medical,1,2,3,2,3,2,No,5219,1,20,10,5,3,3,2,3,12,Research Director,No,0,36-45,3K-6K,6-10 years
27,Research & Development,Male,Single,Travel_Rarely,Life Sciences,3,4,3,4,2,1,No,6052,2,9,2,0,7,0,3,3,13,Laboratory Technician,No,0,26-35,6K-10K,2-5 years
45,Research & Development,Male,Married,Travel_Rarely,Life Sciences,5,1,3,2,2,2,Yes,7097,1,20,6,11,5,9,1,3,11,Manufacturing Director,No,0,36-45,6K-10K,6-10 years
42,Research & Development,Male,Single,Travel_Rarely,Technical Degree,18,1,4,4,4,3,Yes,6437,1,1,5,5,7,3,2,3,18,Laboratory Technician,No,0,36-45,6K-10K,2-5 years
37,Human Resources,Female,Married,Travel_Rarely,Medical,9,4,4,3,1,3,No,4242,2,16,10,2,1,3,3,3,14,Human Resources,No,0,36-45,3K-6K,6-10 years
29,Research & Development,Female,Divorced,Travel_Rarely,Marketing,9,1,2,1,3,3,Yes,3926,2,19,6,6,5,5,5,4,19,Laboratory Technician,No,0,26-35,3K-6K,6-10 years
28,Sales,Female,Single,Travel_Rarely,Marketing,2,2,3,3,4,4,No,16031,2,18,15,5,1,0,1,3,11,Sales Manager,No,0,26-35,10K+,10+ years
31,Research & Development,Female,Divorced,Travel_Rarely,Medical,6,1,1,1,3,1,Yes,3829,3,2,12,3,4,8,5,4,12,Healthcare Representative,No,0,26-35,3K-6K,10+ years
41,Research & Development,Female,Single,Travel_Rarely,Marketing,16,1,2,2,3,4,Yes,2555,1,9,1,3,6,8,1,3,14,Laboratory Technician,No,0,36-45,< 3K,0-1 years
27,Research & Development,Male,Single,Travel_Rarely,Other,11,2,4,4,2,3,No,2111,2,13,14,8,0,5,2,4,20,Manufacturing Director,No,0,26-35,< 3K,10+ years
40,Research & Development,Female,Single,Travel_Rarely,Life Sciences,14,2,1,2,3,3,Yes,4282,2,15,8,11,0,6,5,4,11,Research Director,No,0,36-45,3K-6K,6-10 years
25,Research & Development,Male,Single,Travel_Frequently,Marketing,8,2,2,4,3,3,No,8720,4,12,7,0,8,3,3,3,18,Healthcare Representative,No,0,18-25,6K-10K,6-10 years
34,Sales,Male,Married,Travel_Rarely,Life Sciences,16,2,4,1,2,4,No,3788,1,22,11,9,4,7,8,3,18,Sales Manager,No,0,26-35,3K-6K,10+ years
37,Sales,Female,Single,Travel_Rarely,Life Sciences,2,3,4,3,3,2,Yes,11720,4,1,0,4,2,1,3,3,15,Sales Representative,No,0,36-45,10K+,0-1 years
58,Research & Development,Male,Married,Non-Travel,Medical,7,5,4,4,1,3,No,5179,3,9,0,5,2,4,3,3,12,Healthcare Representative,No,0,46-60,3K-6K,0-1 years
24,Research & Development,Male,Divorced,Travel_Rarely,Technical Degree,12,1,4,3,2,4,No,9573,7,0,6,9,0,4,5,3,21,Laboratory Technician,No,0,18-25,6K-10K,6-10 years
49,Research & Development,Male,Married,Travel_Rarely,Life Sciences,2,1,2,4,3,3,No,3428,5,16,2,0,3,4,4,3,17,Manufacturing Director,No,0,46-60,3K-6K,2-5 years
37,Research & Development,Male,Single,Travel_Frequently,Medical,1,1,3,4,3,2,No,3457,0,15,18,7,1,8,5,3,19,Healthcare Representative,No,0,36-45,3K-6K,10+ years
40,Research & Development,Female,Married,Travel_Rarely,Medical,27,3,2,3,2,3,No,5467,2,38,1,9,3,13,1,3,22,Research Director,No,0,36-45,3K-6K,0-1 years
37,Sales,Male,Divorced,Travel_Frequently,Life Sciences,9,1,3,4,1,4,No,6781,1,19,6,1,3,4,4,4,11,Sales Manager,No,0,36-45,6K-10K,6-10 years
40,Human Resources,Female,Married,Travel_Rarely,Marketing,1,2,2,1,2,2,No,4713,2,14,7,0,0,6,4,3,22,Human Resources,No,0,36-45,3K-6K,6-10 years
35,Research & Development,Male,Single,Non-Travel,Other,9,2,1,3,3,3,No,6107,1,13,13,11,4,1,2,3,12,Manufacturing Director,No,0,26-35,6K-10K,10+ years
49,Research & Development,Female,Married,Non-Travel,Life Sciences,3,2,1,2,3,4,No,7187,5,8,0,0,3,8,5,3,19,Laboratory Technician,No,0,46-60,6K-10K,0-1 years
32,Sales,Male,Married,Travel_Rarely,Life Sciences,4,3,4,4,2,3,Yes,2381,1,12,0,6,3,2,4,3,12,Sales Manager,No,0,26-35,< 3K,0-1 years
46,Sales,Female,Married,Travel_Frequently,Other,18,2,1,3,3,2,Yes,4311,3,13,14,8,2,17,3,3,11,Sales Executive,No,0,46-60,3K-6K,10+ years
30,Research & Development,Male,Single,Travel_Rarely,Life Sciences,5,2,3,3,4,3,Yes,3909,3,0,6,6,3,0,2,3,17,Manufacturing Director,No,0,26-35,3K-6K,6-10 years
35,Research & Development,Male,Divorced,Travel_Rarely,Life Sciences,5,1,4,4,3,3,No,4015,2,13,11,6,3,13,7,3,19,Laboratory Technician,No,0,26-35,3K-6K,10+ years
26,Sales,Male,Single,Travel_Rarely,Other,3,2,4,1,3,3,No,6504,3,12,11,3,3,8,1,3,15,Sales Executive,No,0,26-35,6K-10K,10+ years
40,Sales,Male,Single,Travel_Rarely,Human Resources,6,1,3,4,3,3,No,3939,2,25,12,6,4,0,5,3,14,Sales Executive,No,0,36-45,3K-6K,10+ years
49,Research & Development,Male,Single,Travel_Rarely,Medical,9,3,2,1,4,3,Yes,1726,3,10,4,1,3,13,3,3,13,Research Scientist,No,0,46-60,< 3K,2-5 years
35,Sales,Female,Married,Travel_Rarely,Medical,5,2,4,2,4,4,No,4566,7,5,2,2,8,0,3,3,19,Sales Manager,No,0,26-35,3K-6K,2-5 years
34,Research & Development,Female,Married,Travel_Rarely,Human Resources,29,1,3,3,1,4,No,2896,1,13,0,4,0,3,1,3,17,Research Director,No,0,26-35,< 3K,0-1 years
26,Sales,Female,Single,Travel_Rarely,Medical,3,1,3,2,2,4,No,6832,1,12,0,0,1,0,5,3,24,Sales Executive,No,0,26-35,6K-10K,0-1 years
34,Research & Development,Male,Married,Non-Travel,Medical,3,2,4,3,2,3,No,8099,4,10,6,6,8,3,3,3,17,Laboratory Technician,No,0,26-35,6K-10K,6-10 years
22,Research & Development,Male,Married,Travel_Rarely,Technical Degree,6,4,2,4,3,2,No,1572,2,1,2,0,2,4,2,3,19,Manufacturing Director,No,0,18-25,< 3K,2-5 years
28,Research & Development,Female,Single,Travel_Frequently,Medical,29,1,3,4,1,3,No,3397,0,10,0,5,5,7,0,3,25,Research Scientist,No,0,26-35,3K-6K,0-1 years
38,Research & Development,Female,Divorced,Travel_Frequently,Medical,14,1,1,1,4,1,Yes,6316,2,6,6,6,3,14,3,3,25,Laboratory Technician,No,0,36-45,6K-10K,6-10 years
48,Research & Development,Male,Single,Travel_Frequently,Life Sciences,5,2,1,1,1,3,Yes,2396,5,9,14,1,2,2,3,4,18,Research Director,No,0,46-60,< 3K,10+ years
60,Research & Development,Female,Single,Travel_Rarely,Medical,5,5,2,1,3,1,No,7997,3,17,6,0,5,0,6,3,14,Laboratory Technician,No,0,46-60,6K-10K,6-10 years
31,Research & Development,Male,Divorced,Travel_Frequently,Medical,3,3,3,3,2,3,Yes,9261,4,6,0,2,4,7,3,3,16,Manufacturing Director,No,0,26-35,6K-10K,0-1 years
49,Research & Development,Female,Divorced,Travel_Frequently,Life Sciences,6,1,2,1,3,3,Yes,4757,1,9,14,7,0,2,4,4,15,Research Director,No,0,46-60,3K-6K,10+ years
38,Sales,Female,Married,Travel_Frequently,Medical,7,2,3,2,3,3,Yes,3397,2,15,1,5,3,11,3,3,18,Sales Executive,No,0,36-45,3K-6K,0-1 years
35,Sales,Female,Divorced,Non-Travel,Marketing,13,3,4,4,3,3,No,1500,1,9,15,0,0,4,4,3,13,Sales Manager,No,0,26-35,< 3K,10+ years
40,Sales,Male,Married,Travel_Rarely,Medical,11,3,4,4,3,2,No,8137,0,32,4,4,6,1,3,3,17,Sales Representative,No,0,36-45,6K-10K,2-5 years
37,Research & Development,Male,Married,Travel_Rarely,Life Sciences,6,2,1,4,3,3,No,15643,3,13,7,5,8,0,4,4,12,Healthcare Representative,No,0,36-45,10K+,6-10 years
37,Research & Development,Male,Divorced,Travel_Frequently,Life Sciences,22,3,4,1,3,3,No,13961,3,1,15,5,8,6,2,3,25,Research Director,No,0,36-45,10K+,10+ years
32,Sales,Female,Married,Travel_Rarely,Life Sciences,4,2,1,3,4,4,No,4671,2,4,0,0,4,3,2,3,11,Sales Manager,No,0,26-35,3K-6K,0-1 years
23,Research & Development,Male,Single,Travel_Frequently,Marketing,2,1,3,1,3,4,No,2851,4,3,0,5,1,10,2,3,24,Laboratory Technician,No,0,18-25,< 3K,0-1 years
22,Research & Development,Female,Married,Travel_Rarely,Medical,10,1,2,2,3,4,No,8243,1,4,4,8,3,3,3,3,24,Research Director,No,0,18-25,6K-10K,2-5 years
42,Sales,Female,Married,Travel_Rarely,Life Sciences,17,1,4,3,3,2,Yes,4850,3,15,5,6,0,10,5,3,25,Sales Executive,No,0,36-45,3K-6K,2-5 years
34,Human Resources,Male,Single,Travel_Rarely,Technical Degree,8,1,2,4,4,2,Yes,6764,2,2,22,6,10,0,2,3,17,Human Resources,No,0,26-35,6K-10K,10+ years
31,Research & Development,Male,Divorced,Travel_Rarely,Life Sciences,2,2,3,3,3,3,No,6142,0,8,1,11,6,0,3,3,22,Healthcare Representative,No,0,26-35,6K-10K,0-1 years
36,Sales,Female,Married,Non-Travel,Life Sciences,9,3,1,2,4,3,No,5473,3,20,0,5,3,7,5,3,25,Sales Representative,No,0,36-45,3K-6K,0-1 years
43,Research & Development,Male,Married,Travel_Rarely,Technical Degree,10,3,1,3,3,3,No,9155,1,7,0,1,5,2,1,3,23,Research Director,No,0,36-45,6K-10K,0-1 years
38,Sales,Male,Married,Travel_Frequently,Medical,11,1,3,4,2,4,No,9344,1,16,7,1,1,3,3,3,23,Sales Executive,No,0,36-45,6K-10K,6-10 years
30,Research & Development,Male,Married,Travel_Rarely,Marketing,9,1,2,1,1,3,No,3901,1,0,9,5,0,0,4,3,18,Healthcare Representative,No,0,26-35,3K-6K,6-10 years
47,Research & Development,Male,Single,Non-Travel,Technical Degree,19,2,4,4,3,3,Yes,3130,4,8,2,0,0,0,7,3,22,Laboratory Technician,Yes,1,46-60,3K-6K,2-5 years
50,Research & Development,Female,Divorced,Travel_Rarely,Other,3,2,3,2,3,4,No,1500,1,4,6,3,3,7,2,3,14,Manufacturing Director,No,0,46-60,< 3K,6-10 years
40,Research & Development,Male,Married,Travel_Rarely,Life Sciences,1,1,3,1,3,2,No,4299,2,13,18,6,2,4,2,4,24,Research Director,No,0,36-45,3K-6K,10+ years
45,Sales,Male,Married,Travel_Rarely,Marketing,1,3,4,4,4,4,No,2850,2,3,6,9,4,0,2,3,18,Sales Manager,No,0,36-45,< 3K,6-10 years
47,Research & Development,Male,Married,Travel_Rarely,Medical,2,1,4,1,3,3,Yes,6548,1,28,8,0,3,7,4,3,14,Healthcare Representative,No,0,46-60,6K-10K,6-10 years
46,Sales,Male,Single,Non-Travel,Life Sciences,15,1,4,4,2,2,Yes,4323,2,0,17,4,4,9,4,3,15,Sales Representative,No,0,46-60,3K-6K,10+ years
42,Sales,Male,Single,Non-Travel,Other,6,3,1,1,3,4,No,4589,2,20,2,4,5,4,3,3,23,Sales Representative,No,0,36-45,3K-6K,2-5 years
41,Research & Development,Female,Married,Travel_Rarely,Life Sciences,23,2,3,3,1,4,Yes,8127,2,18,1,4,0,8,3,3,13,Laboratory Technician,No,0,36-45,6K-10K,0-1 years
41,Sales,Male,Single,Travel_Rarely,Technical Degree,3,2,4,3,3,3,Yes,6470,4,13,3,5,5,0,2,3,21,Sales Executive,No,0,36-45,6K-10K,2-5 years
26,Research & Development,Male,Married,Travel_Rarely,Medical,23,3,2,4,4,2,No,4877,0,11,3,4,1,6,2,3,15,Manufacturing Director,No,0,26-35,3K-6K,2-5 years
42,Research & Development,Female,Divorced,Travel_Rarely,Medical,4,4,2,4,1,2,No,13147,3,26,0,10,4,5,3,4,19,Healthcare Representative,No,0,36-45,10K+,0-1 years
24,Research & Development,Male,Single,Travel_Rarely,Life Sciences,7,1,2,3,4,3,Yes,7804,3,31,7,9,6,1,1,3,19,Research Director,No,0,18-25,6K-10K,6-10 years
29,Sales,Female,Married,Travel_Rarely,Human Resources,1,2,3,2,3,2,No,4137,0,9,7,13,6,12,1,4,20,Sales Manager,No,0,26-35,3K-6K,6-10 years
48,Sales,Male,Married,Travel_Rarely,Medical,21,1,2,1,2,2,Yes,4240,4,12,5,4,3,5,4,3,14,Sales Executive,No,0,46-60,3K-6K,2-5 years
44,Sales,Male,Single,Travel_Frequently,Life Sciences,8,2,3,3,4,3,No,8023,5,7,7,2,3,2,4,3,24,Sales Manager,No,0,36-45,6K-10K,6-10 years
49,Sales,Male,Divorced,Travel_Rarely,Life Sciences,29,2,3,3,3,1,No,5814,4,2,8,0,5,4,4,3,24,Sales Executive,No,0,46-60,3K-6K,6-10 years
34,Human Resources,Female,Married,Travel_Rarely,Marketing,18,2,3,1,3,3,No,2807,6,15,0,2,0,1,2,3,24,HR Manager,No,0,26-35,< 3K,0-1 years
26,Research & Development,Female,Single,Travel_Rarely,Life Sciences,7,1,2,4,2,3,Yes,8506,4,13,8,7,0,0,5,3,18,Healthcare Representative,No,0,26-35,6K-10K,6-10 years
34,Sales,Male,Single,Travel_Rarely,Medical,4,3,4,2,2,1,No,10383,0,0,9,7,2,2,1,3,13,Sales Representative,No,0,26-35,10K+,6-10 years
37,Research & Development,Male,Divorced,Travel_Rarely,Medical,15,1,3,1,3,3,No,9958,3,15,0,7,0,2,7,3,19,Manufacturing Director,No,0,36-45,6K-10K,0-1 years
37,Research & Development,Male,Single,Travel_Rarely,Life Sciences,8,4,1,4,2,1,No,12148,2,13,15,1,2,1,4,3,12,Research Scientist,No,0,36-45,10K+,10+ years
46,Research & Development,Male,Married,Travel_Rarely,Medical,4,1,2,3,2,1,No,16228,3,6,0,1,2,9,0,3,21,Manufacturing Director,No,0,46-60,10K+,0-1 years
33,Research & Development,Female,Single,Travel_Frequently,Life Sciences,9,3,2,4,4,3,Yes,13466,2,6,0,12,3,1,1,3,15,Research Scientist,No,0,26-35,10K+,0-1 years
39,Research & Development,Female,Single,Travel_Frequently,Other,1,2,4,1,3,3,Yes,6272,0,14,7,1,2,0,3,3,13,Healthcare Representative,No,0,36-45,6K-10K,6-10 years
27,Research & Development,Female,Divorced,Non-Travel,Technical Degree,11,2,2,2,3,3,No,4637,5,24,9,10,6,0,2,3,23,Laboratory Technician,No,0,26-35,3K-6K,6-10 years
40,Research & Development,Male,Single,Travel_Rarely,Life Sciences,13,3,1,3,4,3,No,1901,3,14,11,6,4,0,3,3,20,Research Scientist,No,0,36-45,< 3K,10+ years
36,Research & Development,Female,Single,Travel_Rarely,Medical,3,3,1,2,1,3,No,5231,2,17,9,1,2,8,3,4,12,Manufacturing Director,No,0,36-45,3K-6K,6-10 years
29,Sales,Male,Married,Travel_Rarely,Medical,19,2,1,3,2,3,Yes,6918,5,4,3,0,2,5,4,3,24,Sales Executive,No,0,26-35,6K-10K,2-5 years
34,Research & Development,Male,Divorced,Travel_Rarely,Other,16,2,3,2,3,3,Yes,5326,4,8,7,1,2,7,1,3,20,Research Director,No,0,26-35,3K-6K,6-10 years
34,Research & Development,Female,Married,Non-Travel,Life Sciences,10,2,4,2,3,3,Yes,1841,3,16,4,6,2,8,2,3,15,Research Scientist,No,0,26-35,< 3K,2-5 years
34,Research & Development,Male,Single,Non-Travel,Medical,3,2,3,1,2,3,Yes,4442,0,0,7,0,10,3,6,3,16,Research Director,No,0,26-35,3K-6K,6-10 years
52,Research & Development,Female,Divorced,Travel_Rarely,Human Resources,13,2,4,2,3,2,No,7416,1,13,6,10,0,10,2,3,17,Healthcare Representative,No,0,46-60,6K-10K,6-10 years
35,Research & Development,Female,Married,Travel_Rarely,Life Sciences,6,3,1,2,1,3,No,2958,2,15,3,3,0,1,2,3,24,Laboratory Technician,No,0,26-35,< 3K,2-5 years
34,Sales,Female,Divorced,Travel_Rarely,Medical,9,2,3,4,3,4,No,5696,3,11,4,7,0,0,7,3,19,Sales Representative,No,0,26-35,3K-6K,2-5 years
18,Research & Development,Male,Married,Travel_Rarely,Life Sciences,14,2,4,3,3,1,Yes,6593,6,14,0,6,3,5,4,3,23,Laboratory Technician,No,0,18-25,6K-10K,0-1 years
28,Sales,Male,Married,Non-Travel,Medical,2,2,3,1,3,3,No,9617,3,11,11,10,3,5,5,3,11,Sales Executive,No,0,26-35,6K-10K,10+ years
34,Sales,Female,Married,Travel_Rarely,Life Sciences,1,5,4,3,2,4,No,13338,2,6,8,2,1,5,3,4,18,Sales Executive,No,0,26-35,10K+,6-10 years
30,Research & Development,Female,Married,Travel_Rarely,Other,5,1,2,2,1,2,Yes,4224,3,2,0,4,5,8,2,4,12,Laboratory Technician,No,0,26-35,3K-6K,0-1 years
48,Sales,Male,Married,Travel_Rarely,Medical,29,1,3,3,4,4,No,5753,3,10,11,0,4,4,4,3,16,Sales Representative,No,0,46-60,3K-6K,10+ years
35,Research & Development,Female,Married,Travel_Rarely,Life Sciences,29,1,3,4,4,3,No,5853,1,21,6,4,5,5,2,3,19,Manufacturing Director,No,0,26-35,3K-6K,6-10 years
48,Sales,Male,Divorced,Travel_Rarely,Technical Degree,11,2,1,4,3,3,Yes,7432,7,19,0,9,6,9,1,3,23,Sales Manager,No,0,46-60,6K-10K,0-1 years
37,Sales,Male,Married,Travel_Frequently,Technical Degree,17,2,4,3,1,4,Yes,6988,1,8,0,5,0,5,3,3,15,Sales Representative,No,0,36-45,6K-10K,0-1 years
36,Sales,Female,Single,Travel_Rarely,Medical,8,2,2,2,3,4,No,11386,2,8,2,13,5,6,7,3,14,Sales Manager,No,0,36-45,10K+,2-5 years
35,Sales,Male,Married,Travel_Rarely,Marketing,9,1,1,1,2,3,No,1500,3,7,0,6,0,0,0,3,23,Sales Manager,No,0,26-35,< 3K,0-1 years
36,Sales,Male,Married,Travel_Rarely,Life Sciences,7,4,4,4,2,3,No,6544,1,7,1,2,3,17,2,3,19,Sales Manager,No,0,36-45,6K-10K,0-1 years
51,Human Resources,Female,Married,Travel_Rarely,Medical,18,2,4,3,2,2,Yes,6799,3,13,16,6,2,0,4,3,21,Human Resources,No,0,46-60,6K-10K,10+ years
18,Research & Development,Female,Divorced,Travel_Rarely,Life Sciences,23,2,4,3,2,2,Yes,4569,3,19,8,0,2,2,8,3,24,Manufacturing Director,No,0,18-25,3K-6K,6-10 years
18,Sales,Female,Married,Travel_Rarely,Life Sciences,9,1,4,4,2,4,No,1500,3,29,18,1,0,2,4,3,11,Sales Manager,No,0,18-25,< 3K,10+ years
31,Sales,Male,Single,Travel_Rarely,Other,9,1,2,2,2,3,No,5028,4,4,7,0,6,12,3,3,20,Sales Representative,No,0,26-35,3K-6K,6-10 years
36,Research & Development,Female,Married,Travel_Rarely,Marketing,7,1,3,4,4,4,No,3518,0,16,9,4,0,2,3,3,12,Research Scientist,No,0,36-45,3K-6K,6-10 years
42,Sales,Male,Married,Travel_Frequently,Life Sciences,24,1,4,3,3,1,No,13086,1,15,1,4,5,6,5,3,24,Sales Manager,No,0,36-45,10K+,0-1 years
40,Research & Development,Male,Divorced,Travel_Frequently,Life Sciences,15,2,2,2,3,2,No,6392,1,8,5,9,0,2,3,3,17,Healthcare Representative,No,0,36-45,6K-10K,2-5 years
33,Research & Development,Male,Married,Non-Travel,Other,3,1,3,1,2,2,No,3357,1,3,6,4,2,0,5,4,17,Healthcare Representative,No,0,26-35,3K-6K,6-10 years
45,Research & Development,Female,Married,Travel_Rarely,Life Sciences,28,1,4,3,4,3,No,1682,3,13,10,0,8,6,1,3,13,Research Director,No,0,36-45,< 3K,6-10 years
45,Research & Development,Female,Married,Travel_Rarely,Life Sciences,1,1,1,2,1,2,No,7196,3,28,6,10,10,1,4,3,20,Research Scientist,No,0,36-45,6K-10K,6-10 years
38,Sales,Female,Married,Travel_Rarely,Life Sciences,22,1,4,3,2,3,No,7626,3,13,8,0,0,5,2,3,19,Sales Manager,No,0,36-45,6K-10K,6-10 years
45,Research & Development,Female,Single,Travel_Rarely,Life Sciences,17,1,3,3,3,4,Yes,4618,2,5,8,4,0,7,2,3,25,Laboratory Technician,No,0,36-45,3K-6K,6-10 years
38,Research & Development,Male,Divorced,Travel_Rarely,Life Sciences,9,1,4,3,3,4,No,7248,1,10,4,5,1,12,4,3,11,Research Director,Yes,1,36-45,6K-10K,2-5 years
31,Research & Development,Male,Divorced,Travel_Rarely,Other,9,1,3,3,3,3,No,4294,2,2,4,4,9,0,7,3,22,Research Scientist,No,0,26-35,3K-6K,2-5 years
42,Research & Development,Male,Married,Travel_Frequently,Life Sciences,7,3,3,3,3,2,No,9352,2,11,2,6,2,3,3,3,25,Manufacturing Director,No,0,36-45,6K-10K,2-5 years
37,Sales,Male,Married,Travel_Rarely,Medical,4,4,4,3,2,3,No,8977,3,16,12,4,6,4,4,3,24,Sales Executive,No,0,36-45,6K-10K,10+ years
36,Sales,Male,Single,Travel_Rarely,Marketing,27,2,1,4,2,3,Yes,2111,1,5,4,6,3,4,4,3,20,Sales Manager,No,0,36-45,< 3K,2-5 years
49,Research & Development,Female,Married,Non-Travel,Medical,8,1,3,1,3,1,No,2414,4,0,8,2,0,14,2,3,23,Manufacturing Director,No,0,46-60,< 3K,6-10 years
18,Research & Development,Female,Married,Travel_Rarely,Marketing,3,5,4,4,2,3,No,15893,3,13,5,0,0,3,2,4,11,Research Director,No,0,18-25,10K+,2-5 years
23,Research & Development,Female,Married,Non-Travel,Medical,26,5,4,1,2,4,No,8683,1,7,12,4,1,0,4,3,12,Healthcare Representative,No,0,18-25,6K-10K,10+ years
25,Research & Development,Male,Single,Travel_Frequently,Medical,12,2,4,2,1,2,No,2597,2,5,0,0,9,3,2,3,21,Manufacturing Director,No,0,18-25,< 3K,0-1 years
33,Research & Development,Male,Married,Travel_Frequently,Medical,12,1,3,3,4,4,Yes,2192,8,5,8,1,3,4,7,4,14,Research Scientist,Yes,1,26-35,< 3K,6-10 years
34,Research & Development,Male,Single,Travel_Frequently,Marketing,29,3,3,1,1,2,No,5830,2,14,0,9,6,3,5,3,21,Manufacturing Director,No,0,26-35,3K-6K,0-1 years
22,Research & Development,Male,Married,Travel_Rarely,Marketing,13,5,3,2,2,2,No,2774,3,8,8,10,0,1,3,3,22,Laboratory Technician,No,0,18-25,< 3K,6-10 years
27,Research & Development,Male,Married,Travel_Rarely,Marketing,5,3,3,1,4,2,No,4369,4,18,5,9,2,0,4,3,21,Laboratory Technician,No,0,26-35,3K-6K,2-5 years
28,Research & Development,Male,Single,Travel_Frequently,Life Sciences,13,2,3,4,3,4,Yes,5067,1,19,0,8,5,13,1,3,24,Laboratory Technician,No,0,26-35,3K-6K,0-1 years
58,Research & Development,Male,Married,Travel_Frequently,Medical,4,2,1,3,3,3,No,4948,1,9,8,4,0,5,1,3,14,Laboratory Technician,No,0,46-60,3K-6K,6-10 years
52,Sales,Female,Divorced,Travel_Rarely,Marketing,6,5,1,1,3,3,Yes,9663,2,7,7,8,2,3,4,3,23,Sales Manager,No,0,46-60,6K-10K,6-10 years
32,Sales,Male,Married,Travel_Rarely,Life Sciences,11,1,3,3,1,3,No,14265,2,12,5,5,0,13,3,3,23,Sales Manager,No,0,26-35,10K+,2-5 years
33,Research & Development,Male,Single,Travel_Rarely,Technical Degree,16,1,2,2,3,4,Yes,3996,2,10,5,12,5,1,3,4,15,Research Scientist,No,0,26-35,3K-6K,2-5 years
26,Sales,Male,Married,Travel_Rarely,Life Sciences,5,3,2,4,2,3,No,2792,5,0,7,0,4,6,4,3,14,Sales Executive,No,0,26-35,< 3K,6-10 years
19,Sales,Male,Single,Travel_Rarely,Life Sciences,7,1,2,1,4,3,Yes,6440,2,26,13,7,5,0,4,3,20,Sales Executive,No,0,18-25,6K-10K,10+ years
35,Research & Development,Male,Married,Travel_Frequently,Technical Degree,7,2,4,3,2,3,Yes,12756,1,17,4,0,5,7,6,3,24,Manufacturing Director,No,0,26-35,10K+,2-5 years
27,Research & Development,Male,Married,Travel_Frequently,Life Sciences,18,1,4,3,3,3,No,4166,2,7,12,7,2,0,2,3,20,Healthcare Representative,No,0,26-35,3K-6K,10+ years
35,Research & Development,Male,Single,Travel_Rarely,Medical,9,1,3,3,3,3,No,8301,1,0,6,0,6,6,1,4,12,Laboratory Technician,No,0,26-35,6K-10K,6-10 years
22,Sales,Male,Married,Travel_Rarely,Life Sciences,28,1,4,4,2,2,No,3281,2,10,14,0,1,12,2,3,17,Sales Representative,No,0,18-25,3K-6K,10+ years
29,Research & Development,Female,Married,Travel_Rarely,Human Resources,6,2,4,2,3,4,No,5261,1,6,5,0,4,4,2,3,16,Laboratory Technician,No,0,26-35,3K-6K,2-5 years
37,Sales,Male,Married,Travel_Rarely,Medical,5,2,2,4,3,2,No,2744,3,11,2,5,0,0,4,3,19,Sales Executive,No,0,36-45,< 3K,2-5 years
39,Research & Development,Male,Single,Travel_Rarely,Medical,22,2,1,3,2,4,No,5231,1,0,0,5,0,4,2,3,19,Laboratory Technician,No,0,36-45,3K-6K,0-1 years
40,Research & Development,Male,Single,Travel_Rarely,Marketing,13,1,2,3,4,3,Yes,4877,2,7,6,14,9,6,4,3,25,Healthcare Representative,No,0,36-45,3K-6K,6-10 years
24,Sales,Male,Married,Travel_Rarely,Medical,21,4,1,2,2,2,Yes,7265,2,8,1,4,4,8,3,3,23,Sales Manager,No,0,18-25,6K-10K,0-1 years
44,Research & Development,Male,Single,Travel_Rarely,Other,3,2,3,2,3,3,No,13827,4,9,14,7,4,10,3,3,19,Manufacturing Director,No,0,36-45,10K+,10+ years
29,Sales,Female,Married,Travel_Rarely,Marketing,8,5,2,1,3,3,No,4199,3,9,1,5,0,10,4,3,13,Sales Representative,No,0,26-35,3K-6K,0-1 years
42,Human Resources,Male,Single,Travel_Rarely,Life Sciences,11,1,4,1,3,3,Yes,1731,2,11,2,7,0,3,4,3,13,HR Manager,No,0,36-45,< 3K,2-5 years
36,Sales,Female,Single,Travel_Rarely,Other,10,1,3,4,3,4,No,4653,1,23,9,5,2,1,4,3,13,Sales Executive,No,0,36-45,3K-6K,6-10 years
24,Research & Development,Male,Married,Travel_Rarely,Medical,7,3,2,4,3,3,No,6131,3,7,13,8,2,0,1,3,18,Healthcare Representative,No,0,18-25,6K-10K,10+ years
33,Sales,Male,Single,Travel_Rarely,Life Sciences,10,3,4,2,3,2,No,5811,2,4,10,0,8,2,5,3,13,Sales Representative,No,0,26-35,3K-6K,6-10 years
39,Research & Development,Male,Married,Travel_Rarely,Life Sciences,10,1,4,3,3,3,No,4769,2,0,12,0,6,6,2,3,13,Research Scientist,No,0,36-45,3K-6K,10+ years
42,Research & Development,Male,Single,Travel_Rarely,Medical,5,2,4,4,3,4,No,11786,2,7,6,6,3,0,4,4,13,Laboratory Technician,No,0,36-45,10K+,6-10 years
35,Sales,Male,Married,Travel_Rarely,Life Sciences,18,2,4,2,3,4,No,5605,3,0,6,0,3,0,2,3,21,Sales Executive,No,0,26-35,3K-6K,6-10 years
50,Sales,Female,Married,Non-Travel,Medical,26,1,4,3,1,3,No,4909,3,19,18,9,5,6,2,4,15,Sales Representative,No,0,46-60,3K-6K,10+ years
45,Research & Development,Female,Divorced,Travel_Rarely,Life Sciences,14,2,3,4,2,4,No,3390,2,10,16,2,0,1,1,3,24,Manufacturing Director,No,0,36-45,3K-6K,10+ years
34,Research & Development,Female,Divorced,Travel_Rarely,Medical,11,1,4,2,3,1,Yes,1990,2,19,10,0,0,5,1,3,18,Manufacturing Director,No,0,26-35,< 3K,6-10 years
43,Sales,Male,Married,Travel_Rarely,Life Sciences,8,1,1,3,4,3,No,6232,2,23,13,15,5,1,4,3,21,Sales Executive,No,0,36-45,6K-10K,10+ years
53,Sales,Female,Married,Travel_Frequently,Technical Degree,10,3,3,2,1,4,No,5951,1,4,11,4,3,5,3,4,18,Sales Manager,No,0,46-60,3K-6K,10+ years
54,Research & Development,Male,Single,Travel_Frequently,Life Sciences,11,2,3,1,3,3,No,2904,2,8,0,3,0,1,2,3,24,Research Scientist,No,0,46-60,< 3K,0-1 years
25,Sales,Female,Married,Travel_Rarely,Life Sciences,4,3,1,3,2,1,No,5075,5,22,6,7,0,0,2,3,12,Sales Executive,No,0,18-25,3K-6K,6-10 years
28,Research & Development,Female,Single,Travel_Rarely,Medical,17,3,1,3,3,3,No,4804,2,13,15,7,5,8,1,3,21,Laboratory Technician,No,0,26-35,3K-6K,10+ years
49,Research & Development,Female,Married,Travel_Rarely,Medical,6,5,1,4,3,3,Yes,3688,0,15,10,9,1,1,5,3,19,Manufacturing Director,No,0,46-60,3K-6K,6-10 years
26,Research & Development,Female,Single,Travel_Rarely,Medical,23,2,2,1,3,2,No,3361,3,19,6,0,4,3,5,3,17,Manufacturing Director,No,0,26-35,3K-6K,6-10 years
24,Human Resources,Female,Divorced,Travel_Rarely,Medical,10,2,1,4,3,2,No,6498,2,18,15,6,2,1,1,4,21,HR Manager,No,0,18-25,6K-10K,10+ years
32,Research & Development,Male,Married,Travel_Rarely,Life Sciences,18,1,3,4,3,3,No,4593,2,14,8,3,2,6,2,3,19,Research Director,No,0,26-35,3K-6K,6-10 years
40,Research & Development,Female,Married,Non-Travel,Technical Degree,14,2,4,3,1,2,No,3757,3,22,11,0,1,5,1,3,20,Research Scientist,No,0,36-45,3K-6K,10+ years
35,Research & Development,Male,Married,Travel_Frequently,Medical,3,2,3,4,3,3,No,3237,2,10,8,4,2,6,2,3,18,Manufacturing Director,No,0,26-35,3K-6K,6-10 years
30,Sales,Female,Single,Travel_Rarely,Life Sciences,21,3,3,4,2,4,No,4841,5,15,9,0,4,2,6,3,12,Sales Representative,No,0,26-35,3K-6K,6-10 years
30,Research & Development,Female,Single,Non-Travel,Marketing,4,1,1,4,4,3,No,8646,2,10,10,8,2,4,4,3,16,Research Director,No,0,26-35,6K-10K,6-10 years
30,Research & Development,Male,Divorced,Travel_Rarely,Medical,6,1,4,4,3,3,No,5826,1,19,14,3,2,6,2,3,25,Laboratory Technician,No,0,26-35,3K-6K,10+ years
28,Human Resources,Male,Divorced,Travel_Rarely,Medical,6,3,1,3,2,3,No,4564,1,5,15,2,4,10,1,3,12,Human Resources,No,0,26-35,3K-6K,10+ years
57,Research & Development,Male,Single,Travel_Frequently,Medical,2,3,2,3,2,2,Yes,6162,4,0,3,3,5,5,3,4,14,Research Director,No,0,46-60,6K-10K,2-5 years
39,Research & Development,Male,Married,Travel_Rarely,Medical,10,1,3,4,3,3,No,11013,1,16,8,3,0,0,2,3,21,Manufacturing Director,No,0,36-45,10K+,6-10 years
44,Research & Development,Male,Married,Travel_Rarely,Medical,18,3,4,4,4,2,No,6810,2,3,14,9,2,5,5,3,13,Healthcare Representative,No,0,36-45,6K-10K,10+ years
32,Sales,Female,Single,Travel_Rarely,Life Sciences,22,2,4,1,2,2,No,6000,0,2,5,0,1,3,5,3,11,Sales Executive,No,0,26-35,3K-6K,2-5 years
34,Research & Development,Male,Married,Travel_Rarely,Life Sciences,7,3,4,2,3,2,No,7388,1,21,0,2,3,0,5,3,22,Healthcare Representative,No,0,26-35,6K-10K,0-1 years
30,Research & Development,Female,Single,Travel_Rarely,Other,8,2,4,2,2,3,Yes,4767,0,19,1,3,7,0,1,3,14,Research Scientist,No,0,26-35,3K-6K,0-1 years
18,Research & Development,Male,Single,Travel_Rarely,Medical,15,2,3,4,3,2,No,5754,1,8,1,0,4,4,1,3,14,Research Director,No,0,18-25,3K-6K,0-1 years
24,Sales,Male,Married,Travel_Rarely,Medical,8,1,3,2,3,2,Yes,3974,1,0,3,5,9,4,0,3,17,Sales Executive,No,0,18-25,3K-6K,2-5 years
20,Sales,Male,Single,Travel_Rarely,Life Sciences,19,1,1,2,2,4,Yes,2216,2,15,2,1,3,3,4,4,23,Sales Representative,No,0,18-25,< 3K,2-5 years
18,Research & Development,Female,Divorced,Travel_Rarely,Marketing,8,3,2,3,3,2,No,6279,3,16,12,0,2,8,1,3,25,Research Scientist,No,0,18-25,6K-10K,10+ years
25,Research & Development,Male,Married,Travel_Frequently,Life Sciences,4,2,4,1,1,3,No,6292,2,15,4,6,2,0,3,3,14,Research Scientist,No,0,18-25,6K-10K,2-5 years
48,Sales,Male,Divorced,Travel_Rarely,Life Sciences,10,1,4,4,3,3,No,4439,1,15,14,10,3,0,5,3,15,Sales Manager,No,0,46-60,3K-6K,10+ years
36,Research & Development,Male,Married,Travel_Rarely,Life Sciences,2,1,2,3,2,3,No,9192,1,10,0,4,3,1,6,3,18,Healthcare Representative,No,0,36-45,6K-10K,0-1 years
48,Research & Development,Female,Divorced,Travel_Frequently,Marketing,10,2,2,1,3,1,Yes,3497,7,8,4,4,0,2,5,4,22,Laboratory Technician,No,0,46-60,3K-6K,2-5 years
40,Research & Development,Male,Married,Travel_Frequently,Medical,11,3,2,2,2,1,No,1963,4,2,7,4,2,4,2,3,12,Research Scientist,No,0,36-45,< 3K,6-10 years
43,Research & Development,Female,Married,Travel_Rarely,Life Sciences,4,1,3,4,3,4,Yes,3544,4,5,11,2,0,1,1,3,17,Research Scientist,No,0,36-45,3K-6K,10+ years
28,Research & Development,Female,Married,Travel_Frequently,Life Sciences,11,3,2,3,2,3,No,2228,2,14,13,9,6,0,0,4,12,Research Director,No,0,26-35,< 3K,10+ years
41,Research & Development,Female,Divorced,Travel_Frequently,Medical,7,3,3,3,3,1,No,6262,1,14,3,4,0,0,4,3,14,Healthcare Representative,No,0,36-45,6K-10K,2-5 years
43,Research & Development,Male,Single,Travel_Rarely,Medical,4,1,1,2,1,3,No,3438,1,17,12,0,3,4,3,3,20,Laboratory Technician,No,0,36-45,3K-6K,10+ years
31,Research & Development,Male,Married,Travel_Frequently,Medical,2,3,1,4,3,3,No,8937,4,0,0,9,0,0,6,3,11,Laboratory Technician,No,0,26-35,6K-10K,0-1 years
41,Sales,Male,Married,Travel_Frequently,Life Sciences,2,1,2,4,3,2,No,8835,2,0,11,8,4,0,3,3,23,Sales Manager,No,0,36-45,6K-10K,10+ years
41,Research & Development,Male,Married,Travel_Rarely,Marketing,24,2,4,4,3,3,No,3127,4,8,0,6,1,6,6,4,12,Research Director,No,0,36-45,3K-6K,0-1 years
31,Research & Development,Female,Divorced,Travel_Rarely,Other,7,1,2,3,3,3,No,3334,2,3,9,0,0,10,3,4,23,Healthcare Representative,No,0,26-35,3K-6K,6-10 years
26,Sales,Male,Married,Travel_Frequently,Medical,11,1,3,4,3,3,No,6977,2,12,13,4,5,4,7,4,17,Sales Manager,No,0,26-35,6K-10K,10+ years
25,Research & Development,Male,Single,Non-Travel,Life Sciences,7,1,3,4,3,4,No,8914,4,1,11,8,0,5,0,3,19,Research Director,No,0,18-25,6K-10K,10+ years
37,Sales,Male,Married,Travel_Rarely,Medical,25,1,4,3,4,3,Yes,1719,3,20,0,6,2,5,2,3,17,Sales Executive,No,0,36-45,< 3K,0-1 years
39,Research & Development,Male,Married,Travel_Frequently,Life Sciences,4,3,2,4,3,4,No,6071,5,4,3,5,5,0,3,3,16,Healthcare Representative,No,0,36-45,6K-10K,2-5 years
29,Sales,Male,Single,Travel_Frequently,Life Sciences,9,2,4,4,4,3,No,1553,1,24,10,8,7,8,2,3,20,Sales Executive,No,0,26-35,< 3K,6-10 years
36,Research & Development,Female,Single,Travel_Frequently,Life Sciences,6,4,2,4,4,3,Yes,3846,3,15,10,5,0,9,7,3,15,Laboratory Technician,No,0,36-45,3K-6K,6-10 years
41,Research & Development,Male,Single,Non-Travel,Human Resources,17,2,3,4,3,3,No,9489,0,3,8,9,1,11,2,3,11,Research Director,No,0,36-45,6K-10K,6-10 years
42,Research & Development,Female,Married,Travel_Rarely,Medical,11,2,3,3,3,3,Yes,20000,2,28,0,5,6,2,2,3,11,Laboratory Technician,No,0,36-45,10K+,0-1 years
50,Research & Development,Female,Divorced,Travel_Rarely,Technical Degree,9,1,4,3,3,1,No,4560,3,13,13,4,6,0,2,3,15,Research Director,No,0,46-60,3K-6K,10+ years
47,Research & Development,Male,Married,Travel_Rarely,Medical,3,2,4,1,3,4,No,2619,2,12,14,8,6,9,5,3,14,Laboratory Technician,No,0,46-60,< 3K,10+ years
27,Sales,Male,Single,Travel_Rarely,Medical,29,2,4,3,2,4,No,3921,5,10,7,2,10,6,1,3,11,Sales Manager,No,0,26-35,3K-6K,6-10 years
51,Sales,Male,Married,Travel_Rarely,Life Sciences,8,4,4,2,2,2,No,5392,1,15,7,0,1,7,2,4,12,Sales Executive,No,0,46-60,3K-6K,6-10 years
31,Research & Development,Male,Divorced,Travel_Frequently,Medical,4,4,1,2,2,3,No,3597,1,15,9,4,4,1,3,3,24,Research Scientist,No,0,26-35,3K-6K,6-10 years
45,Sales,Male,Married,Non-Travel,Life Sciences,2,1,3,4,3,3,No,3127,1,4,15,6,1,5,1,3,18,Sales Representative,No,0,36-45,3K-6K,10+ years
37,Sales,Female,Single,Travel_Rarely,Medical,2,2,2,1,3,4,No,4112,1,9,8,8,0,0,6,4,16,Sales Representative,No,0,36-45,3K-6K,6-10 years
32,Sales,Female,Single,Travel_Frequently,Life Sciences,9,2,2,4,2,3,No,6464,2,12,5,8,2,4,2,3,24,Sales Representative,No,0,26-35,6K-10K,2-5 years
20,Sales,Male,Divorced,Travel_Rarely,Life Sciences,18,2,3,2,3,1,No,4737,1,16,8,4,0,3,5,3,19,Sales Executive,No,0,18-25,3K-6K,6-10 years
34,Sales,Male,Divorced,Travel_Rarely,Medical,11,1,4,1,3,3,No,3202,4,16,6,3,1,13,4,4,12,Sales Manager,No,0,26-35,3K-6K,6-10 years
22,Research & Development,Male,Single,Travel_Rarely,Life Sciences,2,2,4,1,4,2,No,3597,4,12,6,2,0,6,4,3,21,Laboratory Technician,No,0,18-25,3K-6K,6-10 years
45,Sales,Female,Divorced,Travel_Rarely,Life Sciences,9,3,4,3,2,3,No,4141,2,7,0,5,4,0,0,3,21,Sales Manager,No,0,36-45,3K-6K,0-1 years
50,Sales,Male,Single,Travel_Rarely,Other,21,1,3,3,2,3,Yes,3001,5,6,9,0,0,4,3,3,15,Sales Executive,No,0,46-60,3K-6K,6-10 years
29,Research & Development,Female,Single,Travel_Frequently,Life Sciences,6,2,4,2,2,3,No,3524,2,1,13,4,0,5,4,3,21,Research Director,No,0,26-35,3K-6K,10+ years
39,Research & Development,Female,Married,Travel_Rarely,Life Sciences,11,1,4,3,3,2,No,7409,1,16,12,15,5,2,7,3,13,Healthcare Representative,No,0,36-45,6K-10K,10+ years
29,Research & Development,Male,Married,Travel_Rarely,Life Sciences,7,4,4,3,2,3,No,4581,2,6,12,0,1,0,4,3,25,Research Scientist,No,0,26-35,3K-6K,10+ years
30,Sales,Male,Married,Travel_Rarely,Life Sciences,12,1,2,1,2,3,No,1982,1,9,6,5,1,7,4,3,19,Sales Representative,No,0,26-35,< 3K,6-10 years
43,Research & Development,Male,Divorced,Travel_Rarely,Medical,4,1,3,2,3,3,Yes,9137,2,13,7,6,0,0,1,3,15,Healthcare Representative,No,0,36-45,6K-10K,6-10 years
36,Sales,Female,Divorced,Non-Travel,Life Sciences,1,1,4,1,3,2,No,6539,2,11,13,6,6,6,2,4,24,Sales Manager,No,0,36-45,6K-10K,10+ years
52,Sales,Male,Single,Non-Travel,Medical,3,3,4,1,2,2,No,2430,4,11,11,0,3,0,2,3,18,Sales Representative,No,0,46-60,< 3K,10+ years
32,Human Resources,Female,Married,Travel_Rarely,Medical,6,3,1,2,3,4,Yes,4253,1,4,15,6,1,2,8,3,24,Human Resources,No,0,26-35,3K-6K,10+ years
45,Research & Development,Female,Married,Travel_Rarely,Life Sciences,8,1,2,3,2,3,No,3364,1,13,2,2,0,8,5,3,12,Research Scientist,No,0,36-45,3K-6K,2-5 years
37,Sales,Female,Married,Travel_Rarely,Other,6,1,2,3,3,3,No,7546,0,8,2,0,10,6,3,3,15,Sales Manager,No,0,36-45,6K-10K,2-5 years
43,Sales,Male,Divorced,Travel_Rarely,Other,6,3,2,4,3,3,No,4239,1,10,4,8,8,4,1,3,17,Sales Executive,No,0,36-45,3K-6K,2-5 years
32,Research & Development,Male,Married,Travel_Rarely,Life Sciences,18,2,4,4,2,4,Yes,4996,3,20,0,7,7,4,2,3,14,Laboratory Technician,No,0,26-35,3K-6K,0-1 years
36,Sales,Female,Single,Travel_Rarely,Life Sciences,3,1,1,3,1,3,No,4686,2,15,0,0,0,4,4,3,18,Sales Manager,No,0,36-45,3K-6K,0-1 years
35,Research & Development,Male,Single,Travel_Rarely,Life Sciences,9,5,2,2,4,2,No,2304,1,6,9,2,1,1,7,3,16,Research Director,No,0,26-35,< 3K,6-10 years
28,Research & Development,Female,Divorced,Travel_Rarely,Life Sciences,2,1,4,1,4,2,No,11264,3,10,8,2,4,0,6,4,24,Manufacturing Director,No,0,26-35,10K+,6-10 years
42,Research & Development,Male,Divorced,Travel_Rarely,Medical,14,2,3,3,1,1,Yes,7485,1,24,7,0,0,6,3,3,14,Healthcare Representative,No,0,36-45,6K-10K,6-10 years
42,Research & Development,Male,Single,Travel_Rarely,Medical,10,1,1,2,3,4,Yes,3447,3,9,8,7,0,10,2,3,13,Manufacturing Director,No,0,36-45,3K-6K,6-10 years
41,Research & Development,Female,Single,Travel_Rarely,Medical,29,3,3,2,1,3,No,5779,2,11,0,7,7,6,6,3,25,Research Scientist,No,0,36-45,3K-6K,0-1 years
50,Research & Development,Male,Married,Travel_Rarely,Life Sciences,3,3,3,4,3,3,Yes,8886,5,16,3,3,2,5,3,3,21,Manufacturing Director,No,0,46-60,6K-10K,2-5 years
49,Research & Development,Male,Single,Travel_Rarely,Life Sciences,26,2,4,1,4,3,Yes,5362,5,13,4,4,0,0,3,3,11,Healthcare Representative,No,0,46-60,3K-6K,2-5 years
33,Research & Development,Male,Single,Travel_Rarely,Other,4,2,4,1,3,4,No,12242,4,8,6,4,5,8,5,3,23,Healthcare Representative,No,0,26-35,10K+,6-10 years
39,Research & Development,Male,Divorced,Travel_Rarely,Human Resources,6,4,4,4,3,4,No,20000,3,5,0,5,1,6,2,3,13,Manufacturing Director,No,0,36-45,10K+,0-1 years
30,Research & Development,Female,Divorced,Travel_Frequently,Life Sciences,2,3,2,2,3,3,No,4852,1,11,0,0,0,7,4,3,21,Research Director,No,0,26-35,3K-6K,0-1 years
36,Sales,Male,Divorced,Non-Travel,Medical,29,2,4,2,2,2,Yes,3774,1,16,3,6,0,8,7,3,11,Sales Executive,No,0,36-45,3K-6K,2-5 years
31,Sales,Male,Married,Travel_Rarely,Medical,12,2,3,1,3,2,No,3018,1,22,12,0,1,10,4,4,14,Sales Representative,No,0,26-35,3K-6K,10+ years
51,Research & Development,Male,Married,Travel_Frequently,Medical,12,4,4,2,2,3,No,1539,3,0,8,7,3,0,4,3,23,Research Scientist,No,0,46-60,< 3K,6-10 years
39,Sales,Female,Divorced,Travel_Rarely,Medical,4,1,3,4,3,3,No,10331,4,25,12,0,3,0,2,3,11,Sales Executive,No,0,36-45,10K+,10+ years
34,Research & Development,Male,Single,Travel_Rarely,Technical Degree,1,1,2,3,3,3,Yes,4281,2,9,5,0,6,5,5,3,18,Research Director,No,0,26-35,3K-6K,2-5 years
47,Sales,Female,Single,Travel_Rarely,Life Sciences,6,1,1,3,2,3,Yes,8416,2,18,6,4,2,0,1,3,16,Sales Manager,No,0,46-60,6K-10K,6-10 years
18,Research & Development,Female,Divorced,Travel_Rarely,Life Sciences,5,3,4,2,3,3,No,9400,1,5,9,4,1,0,2,3,14,Research Director,No,0,18-25,6K-10K,6-10 years
18,Sales,Male,Married,Travel_Rarely,Other,1,1,4,2,3,3,No,2869,0,0,5,4,6,9,2,3,12,Sales Representative,No,0,18-25,< 3K,2-5 years
43,Human Resources,Female,Divorced,Non-Travel,Life Sciences,7,1,1,3,3,2,No,3117,4,0,2,0,5,0,4,3,16,HR Manager,No,0,36-45,3K-6K,2-5 years
37,Sales,Female,Single,Travel_Rarely,Life Sciences,9,2,3,2,3,4,No,13575,4,8,0,5,2,4,4,3,16,Sales Executive,No,0,36-45,10K+,0-1 years
38,Research & Development,Male,Divorced,Travel_Rarely,Marketing,12,1,4,1,4,3,Yes,5003,6,15,2,5,3,0,1,3,12,Research Scientist,No,0,36-45,3K-6K,2-5 years
24,Research & Development,Male,Married,Travel_Rarely,Marketing,1,1,3,3,1,2,No,3616,8,11,11,9,1,4,3,3,21,Research Scientist,No,0,18-25,3K-6K,10+ years
36,Research & Development,Female,Married,Travel_Rarely,Medical,3,2,2,4,3,3,No,2927,5,9,14,5,0,9,2,3,12,Laboratory Technician,No,0,36-45,< 3K,10+ years
54,Sales,Female,Divorced,Travel_Rarely,Marketing,4,1,4,4,3,3,No,4811,5,20,1,2,9,9,4,3,16,Sales Representative,No,0,46-60,3K-6K,0-1 years
43,Sales,Female,Married,Travel_Rarely,Medical,18,5,3,4,2,3,No,11917,1,11,0,0,1,8,4,3,25,Sales Executive,No,0,36-45,10K+,0-1 years
38,Human Resources,Female,Married,Travel_Rarely,Life Sciences,18,1,4,3,4,2,Yes,7581,5,13,12,0,3,4,3,3,16,HR Manager,No,0,36-45,6K-10K,10+ years
32,Research & Development,Male,Married,Travel_Frequently,Medical,11,3,3,4,3,3,No,5747,1,36,6,5,0,8,4,3,21,Healthcare Representative,No,0,26-35,3K-6K,6-10 years
32,Research & Development,Female,Divorced,Travel_Rarely,Marketing,6,2,4,4,2,3,Yes,12458,2,11,0,7,5,6,4,3,17,Manufacturing Director,No,0,26-35,10K+,0-1 years
18,Research & Development,Female,Divorced,Travel_Rarely,Technical Degree,19,1,1,1,2,1,No,11205,2,5,0,0,0,2,2,3,20,Manufacturing Director,No,0,18-25,10K+,0-1 years
38,Research & Development,Male,Married,Travel_Frequently,Life Sciences,10,1,4,2,4,3,No,6249,2,15,0,5,8,6,4,3,22,Manufacturing Director,No,0,36-45,6K-10K,0-1 years
44,Research & Development,Male,Single,Travel_Rarely,Life Sciences,18,2,2,2,4,3,No,20000,6,17,3,3,8,8,4,3,18,Laboratory Technician,No,0,36-45,10K+,2-5 years
22,Research & Development,Male,Single,Travel_Rarely,Marketing,12,1,4,4,1,3,Yes,4538,0,13,0,7,4,0,1,3,20,Healthcare Representative,No,0,18-25,3K-6K,0-1 years
30,Sales,Female,Divorced,Travel_Frequently,Life Sciences,1,1,4,4,3,3,No,9512,2,12,10,7,3,0,2,3,18,Sales Manager,No,0,26-35,6K-10K,6-10 years
26,Research & Development,Male,Divorced,Travel_Rarely,Life Sciences,1,4,3,4,2,3,No,4189,3,23,1,0,2,3,1,3,15,Research Scientist,No,0,26-35,3K-6K,0-1 years
27,Research & Development,Female,Divorced,Travel_Rarely,Technical Degree,6,2,3,2,3,3,No,8544,1,22,6,8,2,0,4,3,22,Research Director,No,0,26-35,6K-10K,6-10 years
36,Research & Development,Male,Single,Travel_Rarely,Medical,16,4,1,4,3,4,No,4536,6,10,20,5,4,0,2,3,16,Manufacturing Director,No,0,36-45,3K-6K,10+ years
18,Sales,Male,Married,Travel_Rarely,Life Sciences,5,1,3,1,2,3,No,6702,0,6,7,2,3,2,5,3,11,Sales Executive,No,0,18-25,6K-10K,6-10 years
42,Sales,Female,Married,Travel_Rarely,Life Sciences,22,1,3,1,3,4,No,19360,1,14,5,2,5,8,2,3,15,Sales Manager,No,0,36-45,10K+,2-5 years
43,Research & Development,Male,Married,Travel_Rarely,Life Sciences,15,2,1,3,4,3,No,8777,3,6,5,4,0,8,4,3,21,Manufacturing Director,No,0,36-45,6K-10K,2-5 years
34,Research & Development,Female,Single,Travel_Rarely,Marketing,20,1,1,4,2,3,No,6759,2,18,10,2,7,5,2,4,20,Research Scientist,No,0,26-35,6K-10K,6-10 years
18,Research & Development,Male,Married,Travel_Rarely,Medical,6,1,4,4,1,3,No,3396,5,14,9,0,1,5,1,3,19,Manufacturing Director,Yes,1,18-25,3K-6K,6-10 years
27,Research & Development,Female,Single,Travel_Rarely,Life Sciences,3,1,2,2,4,3,No,5767,1,32,0,1,0,12,2,3,17,Manufacturing Director,No,0,26-35,3K-6K,0-1 years
47,Research & Development,Male,Married,Travel_Rarely,Life Sciences,3,1,2,2,2,4,No,2987,2,23,4,0,4,2,0,3,15,Laboratory Technician,No,0,46-60,< 3K,2-5 years
18,Research & Development,Female,Single,Travel_Rarely,Life Sciences,12,3,2,3,3,3,Yes,8470,5,2,2,9,4,5,6,3,11,Healthcare Representative,No,0,18-25,6K-10K,2-5 years
33,Sales,Female,Single,Non-Travel,Life Sciences,2,1,3,1,3,3,Yes,8354,3,7,4,4,0,2,2,3,14,Sales Representative,No,0,26-35,6K-10K,2-5 years
25,Research & Development,Male,Single,Travel_Rarely,Life Sciences,2,5,3,4,2,4,No,4711,1,0,17,13,1,0,5,3,25,Manufacturing Director,No,0,18-25,3K-6K,10+ years
43,Sales,Male,Divorced,Travel_Rarely,Medical,5,1,4,2,2,4,No,12982,3,0,10,5,0,9,1,3,23,Sales Executive,No,0,36-45,10K+,6-10 years
30,Research & Development,Male,Married,Travel_Rarely,Life Sciences,10,1,3,1,2,4,No,12016,0,12,6,6,0,3,2,4,12,Laboratory Technician,No,0,26-35,10K+,6-10 years
40,Human Resources,Male,Divorced,Travel_Rarely,Life Sciences,4,1,1,2,1,2,Yes,5646,1,1,13,0,1,7,6,3,24,Human Resources,No,0,36-45,3K-6K,10+ years
41,Human Resources,Female,Married,Travel_Rarely,Medical,18,2,3,4,3,1,No,7097,8,24,7,3,3,3,4,3,22,Human Resources,No,0,36-45,6K-10K,6-10 years
53,Sales,Male,Married,Travel_Frequently,Medical,20,4,1,4,4,3,No,3762,1,20,0,4,0,9,2,3,12,Sales Manager,No,0,46-60,3K-6K,0-1 years
34,Research & Development,Male,Married,Travel_Rarely,Life Sciences,1,3,4,2,2,3,No,4477,4,9,16,1,1,0,2,4,17,Research Director,No,0,26-35,3K-6K,10+ years
39,Research & Development,Male,Married,Travel_Rarely,Life Sciences,12,1,1,1,3,1,No,2874,4,8,5,2,6,9,6,3,13,Laboratory Technician,No,0,36-45,< 3K,2-5 years
23,Sales,Male,Married,Travel_Rarely,Life Sciences,5,2,2,4,3,3,No,3997,3,23,0,6,9,8,4,3,21,Sales Manager,No,0,18-25,3K-6K,0-1 years
47,Sales,Female,Married,Travel_Frequently,Life Sciences,16,3,3,3,1,3,Yes,4910,6,25,0,6,0,0,3,3,21,Sales Manager,No,0,46-60,3K-6K,0-1 years
29,Research & Development,Male,Divorced,Travel_Rarely,Marketing,12,1,2,2,3,2,No,2086,1,4,13,0,6,2,2,3,14,Healthcare Representative,No,0,26-35,< 3K,10+ years
31,Research & Development,Female,Divorced,Travel_Rarely,Life Sciences,10,2,3,1,2,3,No,7141,4,3,0,5,4,8,2,3,22,Research Scientist,No,0,26-35,6K-10K,0-1 years
36,Research & Development,Female,Single,Travel_Rarely,Marketing,8,1,3,4,3,2,No,9123,3,9,14,6,0,11,8,4,15,Laboratory Technician,No,0,36-45,6K-10K,10+ years
22,Sales,Male,Married,Travel_Frequently,Marketing,2,2,4,4,2,4,Yes,5177,3,14,6,2,0,7,5,3,18,Sales Manager,No,0,18-25,3K-6K,6-10 years
38,Sales,Male,Single,Travel_Rarely,Life Sciences,29,2,1,2,3,3,No,1500,4,7,10,1,0,2,1,3,12,Sales Executive,No,0,36-45,< 3K,6-10 years
45,Research & Development,Male,Single,Non-Travel,Life Sciences,3,2,3,1,4,3,Yes,4525,2,15,4,6,3,0,2,3,24,Healthcare Representative,No,0,36-45,3K-6K,2-5 years
39,Research & Development,Male,Married,Travel_Frequently,Life Sciences,26,4,4,1,2,3,No,2416,3,27,9,0,0,6,2,3,13,Research Director,No,0,36-45,< 3K,6-10 years
22,Research & Development,Male,Married,Travel_Rarely,Life Sciences,14,2,1,2,4,2,No,3719,2,0,8,4,3,2,1,3,24,Research Director,No,0,18-25,3K-6K,6-10 years
35,Research & Development,Female,Married,Travel_Frequently,Medical,5,4,3,1,2,3,No,11556,6,7,6,11,10,2,2,3,23,Manufacturing Director,No,0,26-35,10K+,6-10 years
43,Research & Development,Female,Single,Travel_Rarely,Life Sciences,5,3,4,2,1,4,No,1500,1,0,0,0,7,3,1,3,12,Laboratory Technician,No,0,36-45,< 3K,0-1 years
19,Sales,Male,Divorced,Travel_Rarely,Marketing,2,1,4,1,2,3,No,3319,2,4,8,7,0,8,4,3,12,Sales Executive,No,0,18-25,3K-6K,6-10 years
26,Research & Development,Female,Divorced,Travel_Rarely,Medical,9,2,4,2,3,1,No,8206,2,9,0,6,0,11,5,3,13,Manufacturing Director,No,0,26-35,6K-10K,0-1 years
44,Research & Development,Male,Married,Travel_Frequently,Marketing,2,2,4,3,3,3,No,3535,1,5,12,0,6,8,2,3,23,Healthcare Representative,No,0,36-45,3K-6K,10+ years
38,Research & Development,Female,Divorced,Travel_Rarely,Marketing,19,3,2,3,4,2,No,3389,0,15,7,6,0,4,4,4,12,Research Director,No,0,36-45,3K-6K,6-10 years
40,Research & Development,Male,Single,Travel_Rarely,Medical,10,1,4,4,3,3,Yes,15903,2,12,9,8,5,0,1,3,20,Research Director,No,0,36-45,10K+,6-10 years
53,Research & Development,Female,Married,Travel_Rarely,Human Resources,8,4,2,2,3,3,No,6403,5,13,0,0,11,7,2,3,24,Laboratory Technician,No,0,46-60,6K-10K,0-1 years
40,Research & Development,Female,Divorced,Travel_Rarely,Other,9,2,3,4,4,3,No,8693,1,9,0,1,5,11,5,3,15,Research Scientist,No,0,36-45,6K-10K,0-1 years
42,Research & Development,Female,Divorced,Non-Travel,Life Sciences,11,2,4,4,4,1,No,6826,2,9,3,4,6,8,5,3,19,Research Scientist,No,0,36-45,6K-10K,2-5 years
60,Sales,Female,Divorced,Travel_Frequently,Life Sciences,6,2,4,4,3,2,No,5684,1,8,10,8,6,5,4,4,12,Sales Executive,No,0,46-60,3K-6K,6-10 years
34,Research & Development,Male,Married,Travel_Rarely,Life Sciences,7,2,4,1,3,1,No,10422,2,9,0,2,1,2,1,3,25,Laboratory Technician,No,0,26-35,10K+,0-1 years
29,Research & Development,Female,Divorced,Travel_Frequently,Life Sciences,28,2,1,2,3,3,Yes,14829,4,14,21,4,3,5,5,4,20,Research Scientist,No,0,26-35,10K+,10+ years
40,Research & Development,Male,Married,Travel_Frequently,Medical,17,2,4,3,2,3,No,2060,6,0,4,1,0,9,5,3,21,Research Director,No,0,36-45,< 3K,2-5 years
40,Sales,Female,Single,Travel_Rarely,Life Sciences,13,1,2,1,4,3,No,5100,0,13,0,4,6,5,1,3,14,Sales Representative,No,0,36-45,3K-6K,0-1 years
31,Research & Development,Male,Single,Travel_Rarely,Medical,5,2,4,1,4,1,No,5078,3,4,5,8,0,4,0,3,21,Research Scientist,No,0,26-35,3K-6K,2-5 years
27,Sales,Male,Married,Travel_Rarely,Marketing,1,1,4,1,3,2,Yes,4106,1,8,0,4,5,1,5,3,20,Sales Representative,No,0,26-35,3K-6K,0-1 years
57,Sales,Male,Married,Travel_Rarely,Life Sciences,12,2,2,3,2,3,No,8920,2,0,0,3,6,14,3,3,12,Sales Executive,No,0,46-60,6K-10K,0-1 years
39,Sales,Male,Married,Travel_Rarely,Medical,9,2,4,4,2,3,No,5989,1,8,12,4,1,0,3,4,19,Sales Manager,No,0,36-45,3K-6K,10+ years
29,Research & Development,Female,Divorced,Travel_Rarely,Life Sciences,7,1,3,2,4,4,Yes,14994,6,13,9,1,0,0,2,3,12,Research Director,No,0,26-35,10K+,6-10 years
44,Sales,Female,Married,Non-Travel,Marketing,8,3,3,4,4,2,No,9524,2,15,9,0,2,5,2,3,21,Sales Manager,No,0,36-45,6K-10K,6-10 years
35,Research & Development,Female,Married,Travel_Rarely,Medical,3,2,4,4,3,2,Yes,11015,1,2,14,9,0,3,3,3,24,Laboratory Technician,No,0,26-35,10K+,10+ years
34,Research & Development,Male,Married,Travel_Frequently,Life Sciences,4,2,3,1,4,3,No,2689,0,14,9,11,3,8,3,3,23,Healthcare Representative,No,0,26-35,< 3K,6-10 years
41,Research & Development,Female,Married,Non-Travel,Medical,17,2,3,2,3,3,Yes,3338,2,20,0,0,0,8,3,3,18,Research Scientist,No,0,36-45,3K-6K,0-1 years
24,Research & Development,Male,Married,Travel_Rarely,Life Sciences,1,2,1,1,4,3,Yes,3493,3,7,10,6,0,0,2,3,24,Research Scientist,No,0,18-25,3K-6K,6-10 years
39,Research & Development,Male,Married,Travel_Rarely,Marketing,16,3,2,4,2,2,No,10766,6,11,0,7,4,1,1,3,25,Manufacturing Director,No,0,36-45,10K+,0-1 years
53,Research & Development,Female,Married,Travel_Rarely,Medical,22,1,1,4,2,1,Yes,3055,3,0,3,0,4,0,2,3,17,Healthcare Representative,No,0,46-60,3K-6K,2-5 years
40,Research & Development,Male,Married,Travel_Frequently,Life Sciences,12,1,2,3,3,3,Yes,3104,3,4,6,2,2,7,2,3,15,Research Scientist,No,0,36-45,3K-6K,6-10 years
33,Research & Development,Male,Married,Travel_Rarely,Medical,12,2,2,3,2,2,No,2806,2,13,5,2,0,6,3,3,13,Research Director,No,0,26-35,< 3K,2-5 years
31,Research & Development,Male,Divorced,Travel_Rarely,Technical Degree,4,1,3,2,3,3,Yes,20000,7,19,0,12,6,3,4,3,20,Manufacturing Director,No,0,26-35,10K+,0-1 years
32,Sales,Male,Single,Travel_Rarely,Marketing,4,1,3,4,3,2,Yes,4809,2,6,0,11,1,5,3,3,16,Sales Representative,No,0,26-35,3K-6K,0-1 years
34,Research & Development,Female,Married,Travel_Frequently,Medical,6,1,1,4,1,3,No,6959,1,32,6,0,9,0,5,3,19,Research Scientist,No,0,26-35,6K-10K,6-10 years
33,Research & Development,Male,Married,Travel_Frequently,Marketing,2,1,3,4,3,2,No,2777,1,14,2,0,2,1,2,3,25,Research Director,No,0,26-35,< 3K,2-5 years
44,Research & Development,Male,Single,Travel_Rarely,Medical,4,5,4,3,1,4,No,8813,3,1,13,7,3,0,0,3,12,Manufacturing Director,No,0,36-45,6K-10K,10+ years
20,Research & Development,Male,Married,Travel_Rarely,Marketing,9,1,2,1,4,1,No,1960,3,21,14,6,1,5,4,3,15,Manufacturing Director,No,0,18-25,< 3K,10+ years
44,Research & Development,Male,Married,Travel_Rarely,Technical Degree,6,1,3,1,2,2,No,3035,2,1,0,9,3,5,1,3,18,Healthcare Representative,No,0,36-45,3K-6K,0-1 years
33,Research & Development,Female,Married,Non-Travel,Life Sciences,10,4,1,1,3,4,No,3478,3,14,6,0,13,0,2,3,21,Research Director,No,0,26-35,3K-6K,6-10 years
39,Research & Development,Female,Divorced,Non-Travel,Life Sciences,17,5,3,3,3,2,No,5865,2,4,15,7,1,6,3,3,24,Research Scientist,No,0,36-45,3K-6K,10+ years
26,Research & Development,Female,Single,Travel_Frequently,Life Sciences,10,1,4,4,3,2,No,3362,3,0,5,1,6,8,1,3,24,Research Scientist,No,0,26-35,3K-6K,2-5 years
48,Research & Development,Female,Single,Travel_Rarely,Life Sciences,12,4,1,4,2,2,No,12023,3,19,4,6,3,0,3,3,17,Manufacturing Director,No,0,46-60,10K+,2-5 years
47,Research & Development,Male,Married,Travel_Rarely,Life Sciences,2,1,2,1,1,3,No,6858,2,9,11,4,6,3,1,3,19,Healthcare Representative,No,0,46-60,6K-10K,10+ years
45,Research & Development,Female,Married,Travel_Rarely,Life Sciences,17,3,4,2,3,3,No,3559,2,25,4,12,0,6,5,3,18,Research Director,No,0,36-45,3K-6K,2-5 years
22,Research & Development,Male,Married,Travel_Rarely,Medical,2,1,2,1,2,4,No,9001,2,3,14,6,8,4,4,3,12,Research Scientist,No,0,18-25,6K-10K,10+ years
43,Research & Development,Male,Divorced,Travel_Rarely,Life Sciences,5,2,4,4,2,3,Yes,4189,6,0,2,3,4,0,1,3,21,Laboratory Technician,No,0,36-45,3K-6K,2-5 years
40,Research & Development,Female,Married,Travel_Frequently,Life Sciences,3,1,3,4,3,3,No,3758,4,7,3,5,2,2,4,3,23,Healthcare Representative,No,0,36-45,3K-6K,2-5 years
22,Research & Development,Male,Single,Travel_Rarely,Medical,1,3,1,3,2,2,No,8511,1,34,11,4,5,2,6,4,22,Research Director,No,0,18-25,6K-10K,10+ years
36,Research & Development,Female,Married,Travel_Rarely,Life Sciences,9,1,4,3,2,4,No,1500,3,18,7,0,3,3,4,3,16,Laboratory Technician,No,0,36-45,< 3K,6-10 years
39,Research & Development,Female,Single,Non-Travel,Medical,12,2,3,3,2,4,No,7790,1,15,7,12,0,3,6,3,23,Research Director,No,0,36-45,6K-10K,6-10 years
41,Research & Development,Female,Married,Travel_Rarely,Marketing,23,3,1,2,3,4,Yes,3513,2,16,0,10,0,10,3,3,14,Research Director,No,0,36-45,3K-6K,0-1 years
38,Sales,Male,Single,Travel_Rarely,Other,10,1,4,1,3,1,Yes,3510,3,7,4,3,8,3,3,3,17,Sales Executive,No,0,36-45,3K-6K,2-5 years
39,Research & Development,Male,Married,Non-Travel,Medical,4,4,3,2,3,3,No,15266,3,33,11,7,2,0,1,4,14,Research Director,No,0,36-45,10K+,10+ years
49,Research & Development,Female,Divorced,Travel_Rarely,Life Sciences,5,1,4,2,3,3,No,3883,4,15,1,12,1,4,5,3,17,Manufacturing Director,No,0,46-60,3K-6K,0-1 years
47,Research & Development,Male,Married,Travel_Rarely,Life Sciences,1,1,2,3,3,4,No,8797,2,14,10,9,1,11,3,3,24,Research Director,No,0,46-60,6K-10K,6-10 years
18,Human Resources,Male,Single,Travel_Rarely,Other,6,1,1,2,3,2,No,6063,2,19,8,3,7,3,1,3,18,HR Manager,No,0,18-25,6K-10K,6-10 years
33,Research & Development,Female,Married,Travel_Frequently,Medical,8,1,4,4,2,4,Yes,6419,2,1,5,4,1,2,3,3,22,Laboratory Technician,No,0,26-35,6K-10K,2-5 years
35,Research & Development,Female,Married,Travel_Rarely,Marketing,12,1,3,3,3,3,No,4531,2,4,14,0,4,3,2,3,25,Healthcare Representative,No,0,26-35,3K-6K,10+ years
20,Human Resources,Female,Married,Travel_Rarely,Medical,15,2,2,3,2,4,Yes,4402,2,9,4,7,1,6,7,3,13,Human Resources,No,0,18-25,3K-6K,2-5 years
37,Research & Development,Male,Single,Travel_Rarely,Life Sciences,12,2,4,4,4,3,No,12050,4,19,4,9,0,3,3,3,24,Healthcare Representative,No,0,36-45,10K+,2-5 years
47,Human Resources,Male,Divorced,Travel_Rarely,Medical,3,2,3,2,3,4,No,8675,4,1,5,9,5,0,1,3,12,Human Resources,No,0,46-60,6K-10K,2-5 years
26,Research & Development,Male,Married,Travel_Frequently,Marketing,3,2,2,3,3,3,No,3950,3,10,6,7,6,1,3,3,20,Laboratory Technician,No,0,26-35,3K-6K,6-10 years
39,Research & Development,Male,Married,Travel_Rarely,Technical Degree,14,3,4,1,3,2,No,2925,3,9,11,5,0,4,5,4,17,Laboratory Technician,No,0,36-45,< 3K,10+ years
28,Research & Development,Male,Single,Travel_Rarely,Life Sciences,1,1,3,4,4,3,No,3770,2,0,0,0,2,6,2,3,15,Research Director,Yes,1,26-35,3K-6K,0-1 years
30,Research & Development,Male,Married,Travel_Rarely,Medical,29,2,3,3,3,4,No,8922,1,7,11,5,3,2,2,3,20,Laboratory Technician,No,0,26-35,6K-10K,10+ years
49,Sales,Male,Married,Travel_Rarely,Life Sciences,4,4,4,2,3,2,No,9944,1,15,6,1,4,3,4,3,24,Sales Executive,No,0,46-60,6K-10K,6-10 years
31,Research & Development,Male,Single,Travel_Rarely,Other,19,1,3,1,4,3,No,7056,2,0,9,6,8,4,1,3,12,Healthcare Representative,No,0,26-35,6K-10K,6-10 years
40,Human Resources,Male,Married,Travel_Rarely,Life Sciences,5,2,4,3,3,4,No,2137,3,22,20,1,2,1,1,4,13,HR Manager,No,0,36-45,< 3K,10+ years
19,Research & Development,Male,Married,Travel_Rarely,Marketing,13,4,4,3,3,4,Yes,7871,1,15,3,6,2,4,2,3,18,Healthcare Representative,No,0,18-25,6K-10K,2-5 years
53,Research & Development,Male,Divorced,Travel_Rarely,Life Sciences,3,2,2,3,2,3,Yes,10651,4,14,0,9,2,6,2,4,12,Research Director,No,0,46-60,10K+,0-1 years
41,Human Resources,Female,Divorced,Travel_Frequently,Medical,8,5,3,3,2,4,No,5721,2,11,7,6,0,0,4,3,15,HR Manager,No,0,36-45,3K-6K,6-10 years
34,Research & Development,Male,Single,Non-Travel,Medical,1,1,4,3,3,2,No,15449,0,2,8,5,0,5,2,3,17,Laboratory Technician,No,0,26-35,10K+,6-10 years
41,Sales,Female,Single,Travel_Rarely,Life Sciences,11,2,4,3,2,3,No,2515,3,6,11,8,3,0,4,3,17,Sales Manager,No,0,36-45,< 3K,10+ years
23,Research & Development,Male,Divorced,Travel_Rarely,Technical Degree,3,1,2,2,1,3,No,7578,0,14,3,11,4,0,3,4,21,Manufacturing Director,No,0,18-25,6K-10K,2-5 years
47,Sales,Male,Divorced,Travel_Rarely,Technical Degree,3,1,2,3,1,4,No,2967,2,6,1,4,3,1,1,4,17,Sales Manager,No,0,46-60,< 3K,0-1 years
33,Research & Development,Male,Divorced,Travel_Rarely,Technical Degree,6,5,2,3,4,2,No,9308,2,13,0,6,2,9,4,3,11,Healthcare Representative,No,0,26-35,6K-10K,0-1 years
34,Research & Development,Male,Single,Travel_Rarely,Life Sciences,7,1,4,4,3,2,No,7284,3,4,0,10,0,0,7,3,20,Research Scientist,No,0,26-35,6K-10K,0-1 years
32,Sales,Male,Single,Non-Travel,Marketing,12,5,4,3,3,3,No,14005,0,15,4,7,3,2,7,3,15,Sales Manager,No,0,26-35,10K+,2-5 years
31,Research & Development,Female,Single,Travel_Frequently,Medical,11,2,4,3,4,3,No,6845,2,15,5,0,3,4,1,3,11,Manufacturing Director,No,0,26-35,6K-10K,2-5 years
42,Research & Development,Female,Divorced,Travel_Rarely,Medical,9,4,2,4,3,4,Yes,4164,1,0,18,1,4,9,3,3,22,Manufacturing Director,No,0,36-45,3K-6K,10+ years
38,Research & Development,Male,Married,Non-Travel,Medical,16,5,4,4,3,3,Yes,3969,2,12,0,7,3,12,1,4,17,Laboratory Technician,No,0,36-45,3K-6K,0-1 years
42,Sales,Male,Married,Travel_Rarely,Medical,11,2,1,2,3,4,Yes,4532,3,0,8,2,4,2,6,4,20,Sales Representative,No,0,36-45,3K-6K,6-10 years
36,Research & Development,Female,Married,Travel_Rarely,Life Sciences,12,5,3,4,3,3,No,3927,2,0,2,10,6,6,7,3,20,Research Director,No,0,36-45,3K-6K,2-5 years
41,Sales,Male,Single,Travel_Rarely,Life Sciences,3,3,2,1,3,4,No,10909,3,6,7,11,4,4,4,3,12,Sales Executive,No,0,36-45,10K+,6-10 years
32,Human Resources,Male,Married,Travel_Rarely,Life Sciences,17,2,3,4,4,3,No,10488,0,33,3,2,4,4,3,3,23,Human Resources,No,0,26-35,10K+,2-5 years
56,Research & Development,Female,Single,Travel_Frequently,Life Sciences,15,2,3,1,2,2,No,2283,1,17,12,0,0,5,5,4,14,Research Scientist,No,0,46-60,< 3K,10+ years
22,Research & Development,Male,Married,Travel_Rarely,Life Sciences,9,1,2,3,1,3,No,5311,3,22,12,3,6,0,2,3,22,Research Scientist,No,0,18-25,3K-6K,10+ years
47,Sales,Female,Married,Travel_Rarely,Life Sciences,15,1,2,4,3,4,No,5382,2,16,5,2,2,4,3,4,21,Sales Executive,No,0,46-60,3K-6K,2-5 years
48,Research & Development,Male,Married,Travel_Rarely,Marketing,8,1,4,1,3,2,Yes,3384,3,13,15,10,3,6,1,3,12,Laboratory Technician,No,0,46-60,3K-6K,10+ years
28,Research & Development,Male,Married,Non-Travel,Medical,23,2,1,4,3,3,No,6617,3,18,11,0,0,1,2,3,12,Manufacturing Director,No,0,26-35,6K-10K,10+ years
56,Sales,Male,Divorced,Travel_Rarely,Life Sciences,9,1,3,3,2,2,No,11613,0,6,14,7,9,6,4,3,23,Sales Manager,No,0,46-60,10K+,10+ years
45,Research & Development,Female,Married,Travel_Rarely,Marketing,8,2,2,1,4,3,No,8492,2,15,6,10,0,0,1,3,11,Manufacturing Director,No,0,36-45,6K-10K,6-10 years
45,Research & Development,Male,Single,Travel_Rarely,Human Resources,11,2,2,4,3,2,Yes,10909,1,20,12,7,7,4,3,3,14,Laboratory Technician,No,0,36-45,10K+,10+ years
36,Sales,Female,Single,Non-Travel,Technical Degree,27,2,2,3,4,3,Yes,3503,5,17,1,6,4,9,3,3,25,Sales Executive,No,0,36-45,3K-6K,0-1 years
34,Research & Development,Female,Married,Travel_Rarely,Technical Degree,5,4,4,4,3,3,No,5305,4,21,1,3,0,3,3,3,12,Research Director,No,0,26-35,3K-6K,0-1 years
34,Research & Development,Female,Single,Travel_Rarely,Other,10,5,3,4,4,2,No,3413,2,12,19,11,9,0,4,3,20,Research Scientist,No,0,26-35,3K-6K,10+ years
40,Research & Development,Male,Single,Travel_Frequently,Medical,5,4,2,1,3,3,No,5932,3,25,0,3,4,0,2,3,16,Healthcare Representative,No,0,36-45,3K-6K,0-1 years
49,Sales,Male,Single,Travel_Rarely,Other,8,2,4,2,3,4,No,6233,3,9,3,8,0,6,3,4,17,Sales Executive,No,0,46-60,6K-10K,2-5 years
38,Sales,Male,Single,Travel_Rarely,Other,4,1,1,2,3,3,No,8816,0,28,0,3,1,8,3,3,12,Sales Representative,No,0,36-45,6K-10K,0-1 years
28,Research & Development,Male,Married,Travel_Rarely,Life Sciences,11,4,4,3,3,4,No,10709,1,16,1,0,4,4,2,3,19,Research Director,No,0,26-35,10K+,0-1 years
43,Research & Development,Female,Married,Travel_Rarely,Technical Degree,8,1,2,1,3,4,No,7596,4,8,0,3,8,2,8,3,16,Research Director,No,0,36-45,6K-10K,0-1 years
44,Research & Development,Male,Single,Travel_Rarely,Marketing,15,1,4,2,2,3,Yes,3240,3,2,2,3,1,0,2,3,21,Research Scientist,No,0,36-45,3K-6K,2-5 years
42,Research & Development,Female,Married,Travel_Rarely,Marketing,17,1,1,4,3,3,No,2472,0,5,8,3,0,4,2,3,22,Manufacturing Director,No,0,36-45,< 3K,6-10 years
43,Research & Development,Male,Single,Travel_Rarely,Human Resources,19,2,3,1,3,4,No,6922,4,3,9,1,7,1,4,3,18,Manufacturing Director,No,0,36-45,6K-10K,6-10 years
34,Human Resources,Male,Single,Travel_Rarely,Life Sciences,6,2,3,3,1,3,No,11869,0,10,0,7,4,1,2,3,11,HR Manager,Yes,1,26-35,10K+,0-1 years
28,Research & Development,Male,Single,Travel_Rarely,Life Sciences,11,1,3,3,3,3,No,5130,4,1,1,7,0,10,3,4,20,Healthcare Representative,Yes,1,26-35,3K-6K,0-1 years
28,Sales,Female,Divorced,Non-Travel,Medical,20,3,4,1,2,4,Yes,2245,1,21,13,3,4,0,3,3,18,Sales Executive,No,0,26-35,< 3K,10+ years
21,Research & Development,Male,Divorced,Travel_Rarely,Marketing,4,1,1,1,2,4,No,16367,2,12,16,3,4,0,3,4,21,Research Director,No,0,18-25,10K+,10+ years
38,Research & Development,Male,Married,Travel_Rarely,Technical Degree,9,1,3,1,3,3,No,6806,5,12,14,0,2,5,1,3,22,Laboratory Technician,No,0,36-45,6K-10K,10+ years
35,Research & Development,Female,Single,Travel_Rarely,Technical Degree,4,1,4,3,2,2,No,5713,2,2,0,5,0,2,3,4,13,Healthcare Representative,No,0,26-35,3K-6K,0-1 years
32,Research & Development,Male,Single,Travel_Rarely,Marketing,27,1,4,1,4,3,No,2735,3,5,13,10,1,2,6,3,12,Research Scientist,No,0,26-35,< 3K,10+ years
18,Sales,Male,Single,Travel_Rarely,Other,20,3,3,4,4,3,No,5247,3,0,17,10,2,5,0,3,17,Sales Executive,No,0,18-25,3K-6K,10+ years
25,Human Resources,Male,Divorced,Travel_Rarely,Life Sciences,12,1,3,4,3,3,No,7587,2,24,0,2,4,5,3,3,24,Human Resources,No,0,18-25,6K-10K,0-1 years
46,Sales,Male,Single,Travel_Rarely,Other,12,1,4,1,3,3,No,6857,5,0,12,12,5,0,1,3,15,Sales Executive,No,0,46-60,6K-10K,10+ years
30,Research & Development,Male,Divorced,Travel_Rarely,Life Sciences,4,1,4,4,1,3,Yes,3578,0,0,7,3,0,2,2,3,17,Research Director,No,0,26-35,3K-6K,6-10 years
39,Sales,Male,Married,Travel_Frequently,Medical,22,3,4,4,3,3,No,5039,5,22,4,0,3,4,3,3,22,Sales Executive,No,0,36-45,3K-6K,2-5 years
23,Research & Development,Female,Married,Travel_Frequently,Life Sciences,6,5,4,1,2,3,Yes,3706,1,14,7,0,4,5,2,3,23,Healthcare Representative,No,0,18-25,3K-6K,6-10 years
49,Sales,Male,Divorced,Travel_Frequently,Medical,5,2,3,4,4,3,No,12987,4,12,9,0,3,6,4,4,22,Sales Manager,No,0,46-60,10K+,6-10 years
35,Research & Development,Male,Single,Travel_Rarely,Life Sciences,18,2,3,2,4,4,No,8507,3,14,13,5,1,2,1,4,25,Research Scientist,No,0,26-35,6K-10K,10+ years
39,Research & Development,Male,Married,Travel_Rarely,Life Sciences,6,4,3,3,2,1,No,3897,1,19,13,3,7,5,5,3,23,Laboratory Technician,No,0,36-45,3K-6K,10+ years
57,Research & Development,Male,Single,Travel_Rarely,Medical,5,1,1,1,3,4,No,2735,4,12,0,1,7,8,2,3,13,Manufacturing Director,No,0,46-60,< 3K,0-1 years
50,Research & Development,Male,Divorced,Travel_Frequently,Marketing,15,1,4,4,3,3,No,6058,3,0,2,1,1,4,4,3,17,Laboratory Technician,No,0,46-60,6K-10K,2-5 years
33,Research & Development,Male,Married,Non-Travel,Life Sciences,3,2,3,4,3,4,No,3965,3,17,7,0,2,4,3,4,22,Research Director,No,0,26-35,3K-6K,6-10 years
31,Sales,Male,Single,Non-Travel,Medical,13,1,1,4,2,3,No,4131,1,14,15,0,5,3,2,3,19,Sales Executive,No,0,26-35,3K-6K,10+ years
33,Sales,Male,Divorced,Travel_Rarely,Life Sciences,9,2,3,4,3,2,No,2785,5,20,0,8,6,2,7,3,13,Sales Manager,No,0,26-35,< 3K,0-1 years
41,Human Resources,Female,Single,Travel_Frequently,Life Sciences,14,2,2,1,2,4,No,2981,5,1,2,11,0,0,2,4,21,Human Resources,No,0,36-45,< 3K,2-5 years
35,Research & Development,Female,Single,Travel_Rarely,Life Sciences,12,1,1,3,4,3,No,5687,1,5,0,11,0,3,4,3,13,Laboratory Technician,No,0,26-35,3K-6K,0-1 years
32,Research & Development,Male,Divorced,Travel_Frequently,Medical,29,2,3,2,3,3,Yes,4490,2,14,0,7,3,6,3,3,15,Laboratory Technician,No,0,26-35,3K-6K,0-1 years
49,Research & Development,Male,Married,Travel_Rarely,Marketing,10,2,4,1,3,4,No,20000,0,3,12,2,0,0,1,3,25,Healthcare Representative,No,0,46-60,10K+,10+ years
35,Research & Development,Male,Divorced,Travel_Rarely,Medical,6,1,3,1,4,4,No,7210,4,0,3,1,0,4,2,3,25,Laboratory Technician,No,0,26-35,6K-10K,2-5 years
57,Research & Development,Female,Married,Travel_Rarely,Marketing,8,3,1,4,3,3,No,2760,3,13,0,7,0,3,3,3,11,Healthcare Representative,No,0,46-60,< 3K,0-1 years
37,Research & Development,Male,Married,Non-Travel,Medical,11,3,3,3,3,4,No,2235,2,18,5,3,4,11,2,3,16,Research Scientist,No,0,36-45,< 3K,2-5 years
52,Research & Development,Male,Single,Travel_Rarely,Marketing,26,1,1,1,3,3,No,6473,3,10,18,6,7,7,3,3,15,Laboratory Technician,No,0,46-60,6K-10K,10+ years
39,Research & Development,Male,Single,Travel_Rarely,Other,13,1,4,4,3,2,No,4180,1,15,0,12,0,7,4,4,19,Manufacturing Director,No,0,36-45,3K-6K,0-1 years
45,Research & Development,Male,Divorced,Travel_Rarely,Life Sciences,4,1,2,4,2,1,Yes,10815,0,14,9,5,2,8,3,3,23,Laboratory Technician,No,0,36-45,10K+,6-10 years
29,Sales,Male,Single,Travel_Rarely,Life Sciences,29,1,4,2,4,3,No,6072,2,11,15,13,3,2,4,4,23,Sales Executive,No,0,26-35,6K-10K,10+ years
28,Research & Development,Female,Married,Non-Travel,Life Sciences,17,1,1,3,2,3,No,1748,2,12,6,0,1,10,1,3,13,Laboratory Technician,No,0,26-35,< 3K,6-10 years
40,Sales,Female,Single,Travel_Rarely,Medical,4,1,1,4,3,3,No,2968,3,22,18,6,0,5,3,3,22,Sales Representative,No,0,36-45,< 3K,10+ years
45,Research & Development,Male,Single,Travel_Rarely,Medical,3,3,3,3,3,3,No,3587,9,3,2,5,4,4,4,4,11,Research Director,No,0,36-45,3K-6K,2-5 years
36,Sales,Male,Married,Travel_Frequently,Life Sciences,3,3,4,3,3,1,No,6631,2,17,15,0,0,0,4,3,18,Sales Manager,No,0,36-45,6K-10K,10+ years
24,Sales,Male,Divorced,Travel_Rarely,Technical Degree,8,3,4,3,4,3,No,2914,5,2,13,7,0,2,1,3,19,Sales Manager,No,0,18-25,< 3K,10+ years
24,Sales,Male,Married,Travel_Rarely,Other,8,2,3,1,2,3,No,5656,1,5,6,10,2,0,3,3,17,Sales Representative,No,0,18-25,3K-6K,6-10 years
23,Sales,Male,Divorced,Travel_Rarely,Life Sciences,5,3,2,3,1,2,No,2494,1,21,0,13,3,3,4,3,24,Sales Executive,No,0,18-25,< 3K,0-1 years
20,Sales,Male,Single,Travel_Rarely,Life Sciences,2,3,1,2,3,3,No,5218,3,1,0,6,0,2,5,3,20,Sales Executive,No,0,18-25,3K-6K,0-1 years
